/*
Navicat MySQL Data Transfer

Source Server         : localPC
Source Server Version : 50717
Source Host           : localhost:3306
Source Database       : IRACS
Target Server Type    : MYSQL
Target Server Version : 50717
File Encoding         : 65001

Date: 2017-06-19 17:27:32
*/

SET FOREIGN_KEY_CHECKS=0;

-- ----------------------------
-- Table structure for complain
-- ----------------------------
DROP TABLE IF EXISTS `complain`;
CREATE TABLE `complain` (
  `comp_id` varchar(32) COLLATE utf8_bin NOT NULL,
  `comp_company` varchar(100) COLLATE utf8_bin DEFAULT NULL,
  `comp_name` varchar(20) COLLATE utf8_bin DEFAULT NULL,
  `comp_mobile` varchar(20) COLLATE utf8_bin DEFAULT NULL,
  `is_NM` tinyint(1) DEFAULT NULL,
  `comp_time` datetime DEFAULT NULL,
  `comp_title` varchar(200) COLLATE utf8_bin NOT NULL,
  `to_comp_name` varchar(20) COLLATE utf8_bin DEFAULT NULL,
  `to_comp_dept` varchar(100) COLLATE utf8_bin DEFAULT NULL,
  `comp_content` text COLLATE utf8_bin,
  `state` varchar(1) COLLATE utf8_bin DEFAULT NULL,
  PRIMARY KEY (`comp_id`)
) ENGINE=InnoDB DEFAULT CHARSET=utf8 COLLATE=utf8_bin;

-- ----------------------------
-- Records of complain
-- ----------------------------
INSERT INTO `complain` VALUES ('40287c815c9ad581015c9ade510a0000', '生产技术部', '黄天天', '13578888996', '1', '2016-12-01 20:54:40', '119架无人机“群飞”', '王硕', '总经理办公室', 0x3C6831207374796C653D226D617267696E3A203070782030707820313570783B2070616464696E673A203070783B20666F6E742D73697A653A20323670783B20666F6E742D7765696768743A206E6F726D616C3B223EE4B8ADE59BBDE58F88E5889BE696B0E8AEB0E5BD95EFBC81313139E69EB6E697A0E4BABAE69CBAE2809CE7BEA4E9A39EE2809DE9A286E58588E7BE8EE59BBD3C2F68313E3C703E3C7370616E20636C6173733D22615F636174616C6F672220626F73737A6F6E653D227A74546F70696322207374796C653D22666C6F61743A206C6566743B20646973706C61793A20696E6C696E653B2070616464696E672D72696768743A20313570783B206C696E652D6865696768743A20323670783B223E3C61207461726765743D225F626C616E6B22206163636573736B65793D22352220687265663D22687474703A2F2F6D696C2E71712E636F6D2F6D696C5F696E6465782E68746D22207469746C653D22E69BB4E5A49AE5869BE4BA8BE8A681E997BBE79BB8E585B3E58685E5AEB9E58897E8A1A822207374796C653D22746578742D6465636F726174696F6E2D6C696E653A206E6F6E653B206F75746C696E653A203070783B20636F6C6F723A2072676228302C20302C2030293B223EE5869BE4BA8BE8A681E997BB3C2F613E3C2F7370616E3E3C7370616E20636C6173733D22615F736F757263652220626F73737A6F6E653D226A676E616D6522207374796C653D22666C6F61743A206C6566743B20646973706C61793A20696E6C696E653B2070616464696E672D72696768743A20313570783B206C696E652D6865696768743A20323670783B223E3C61207461726765743D225F626C616E6B2220687265663D22687474703A2F2F6D696C2E6875616E7169752E636F6D2F6F62736572766174696F6E2F323031372D30362F31303832313333302E68746D6C22207374796C653D22746578742D6465636F726174696F6E2D6C696E653A206E6F6E653B206F75746C696E653A203070783B20636F6C6F723A2072676228302C20302C2030293B223EE78EAFE79083E697B6E68AA53C2F613E3C2F7370616E3E3C7370616E20636C6173733D22615F74696D6522207374796C653D22666C6F61743A206C6566743B20646973706C61793A20696E6C696E653B2070616464696E672D72696768743A20313570783B206C696E652D6865696768743A20323670783B20636F6C6F723A20726762283135332C203135332C20313533293B223E323031372D30362D31322030393A31333C2F7370616E3E3C2F703E3C703E3C6120636C6173733D2273686172655469746C6522207374796C653D226F75746C696E653A203070783B20646973706C61793A20696E6C696E652D626C6F636B3B20626F726465722D7261646975733A203470783B20626F726465723A2031707820736F6C696420726762283139392C203139392C20313939293B2077696474683A20353870783B2070616464696E672D6C6566743A20313070783B20637572736F723A20706F696E7465723B223EE58886E4BAAB3C7370616E207374796C653D2277696474683A20313070783B206865696768743A20313270783B20666C6F61743A206C6566743B206D617267696E2D746F703A203670783B206261636B67726F756E643A2075726C282671756F743B2E2E2F696D672F636F6D6D6F6E2F7370726974652F69636F6E5F73686172652E706E672671756F743B29206E6F2D726570656174207363726F6C6C3B223E3C2F7370616E3E3C2F613E3C2F703E3C70207374796C653D22746578742D616C69676E3A63656E7465723B6D617267696E2D746F703A203070783B206D617267696E2D626F74746F6D3A20323870783B2070616464696E673A203070783B20776F72642D777261703A20627265616B2D776F72643B223E3C696D6720616C743D22E4B8ADE59BBDE58F88E5889BE696B0E8AEB0E5BD95EFBC81313139E69EB6E697A0E4BABAE69CBAE2809CE7BEA4E9A39EE2809DE9A286E58588E7BE8EE59BBD22207372633D222F75656469746F722F6A73702F75706C6F61642F696D6167652F32303137303631322F313439373234363831303238373038383034352E6A706722207374796C653D22626F726465723A203070783B20766572746963616C2D616C69676E3A206D6964646C653B206D61782D77696474683A2036343070783B222F3E3C2F703E3C70207374796C653D22746578742D616C69676E3A63656E7465723B6D617267696E2D746F703A203070783B206D617267696E2D626F74746F6D3A20323870783B2070616464696E673A203070783B20776F72642D777261703A20627265616B2D776F72643B223EE8B584E69699E59BBEEFBC9AE697A0E4BABAE69CBAE7BEA4E9A39EE8AF95E9AA8C3C2F703E3C70207374796C653D226D617267696E2D746F703A203070783B206D617267696E2D626F74746F6D3A20323870783B2070616464696E673A203070783B20776F72642D777261703A20627265616B2D776F72643B20746578742D696E64656E743A2032656D3B223EE38090E78EAFE79083E7BD91E5869BE4BA8B36E69C883132E697A5E68AA5E9819320E78EAFE79083E697B6E68AA5E789B9E7BAA6E8AEB0E8808520E9AD8FE4BA91E5B3B020E78EAFE79083E697B6E68AA5E8AEB0E8808520E9A9ACE4BF8AE38091E4B8ADE59BBDE5868DE6ACA1E5889BE980A0E59BBAE5AE9AE7BFBCE697A0E4BABAE69CBAE99B86E7BEA4E9A39EE8A18CE79A84E7BAAAE5BD95E28094E28094313139E69EB621E59CA8E79FADE79FADE4B8A4E5B9B4E58685EFBC8CE4B8ADE7BE8EE59B9BE6ACA1E588B7E696B0E697A0E4BABAE69CBAE99B86E7BEA4E9A39EE8A18CE79A84E8A784E6A8A1EFBC8CE59CA8E8AFA5E9A286E59F9FE79A84E7AB9EE4BA89E697A5E8B68BE6BF80E78388E38082E4B8ADE59BBDE7A9BAE5869BE4B893E5AEB6E58285E5898DE593A83131E697A5E5AFB9E3808AE78EAFE79083E697B6E68AA5E3808BE8AEB0E88085E8A1A8E7A4BAEFBC8CE59BBAE5AE9AE7BFBCE697A0E4BABAE69CBAE79A84E99B86E7BEA4E9A39EE8A18CE883BDE58A9BEFBC8CE4BBA3E8A1A8E79D80E69CAAE69DA5E697A0E4BABAE69CBAE5BA94E794A8E79A84E9878DE8A681E696B9E59091EFBC8CE4B99FE698AFE699BAE883BDE697A0E4BABAE7B3BBE7BB9FE2809CE694B9E58F98E6B8B8E6888FE8A784E58899E2809DE79A84E4BD93E78EB0E380823C2F703E3C70207374796C653D226D617267696E2D746F703A203070783B206D617267696E2D626F74746F6D3A20323870783B2070616464696E673A203070783B20776F72642D777261703A20627265616B2D776F72643B20746578742D696E64656E743A2032656D3B223E3C7374726F6E673EE59BBAE5AE9AE7BFBCE697A0E4BABAE69CBAE99B86E7BEA4E9A39EE8A18CE69BB4E99ABE3C2F7374726F6E673E3C2F703E3C70207374796C653D226D617267696E2D746F703A203070783B206D617267696E2D626F74746F6D3A20323870783B2070616464696E673A203070783B20776F72642D777261703A20627265616B2D776F72643B20746578742D696E64656E743A2032656D3B223EE68DAEE68AA5E98193EFBC8CE4B8ADE59BBDE794B5E5AD90E7A791E68A80E99B86E59BA2E585ACE58FB828E4B8ADE59BBDE794B5E7A791293130E697A5E5AEA3E5B883EFBC8CE68890E58A9FE5AE8CE68890313139E69EB6E59BBAE5AE9AE7BFBCE697A0E4BABAE69CBAE99B86E7BEA4E9A39EE8A18CE8AF95E9AA8CEFBC8CE588B7E696B0E6ADA4E5898D32303136E5B9B4E78FA0E6B5B7E888AAE5B195E68AABE99CB2E79A843637E69EB6E59BBAE5AE9AE7BFBCE697A0E4BABAE69CBAE99B86E7BEA4E8AF95E9AA8CE7BAAAE5BD95EFBC8CE6A087E5BF97E79D80E699BAE883BDE697A0E4BABAE99B86E7BEA4E9A286E59F9FE79A84E58F88E4B880E7AA81E7A0B4EFBC8CE5A5A0E5AE9AE4BA86E68891E59BBDE59CA8E8AFA5E9A286E59F9FE79A84E9A286E58588E59CB0E4BD8DE38082E8AF95E9AA8CE4B8ADEFBC8C313139E69EB6E5B08FE59E8BE59BBAE5AE9AE7BFBCE697A0E4BABAE69CBAE68890E58A9FE6BC94E7A4BAE4BA86E5AF86E99B86E5BCB9E5B084E8B5B7E9A39EE38081E7A9BAE4B8ADE99B86E7BB93E38081E5A49AE79BAEE6A087E58886E7BB84E38081E7BC96E9989FE59088E59BB4E38081E99B86E7BEA4E8A18CE58AA8E7AD89E58AA8E4BD9CE380823C2F703E3C70207374796C653D226D617267696E2D746F703A203070783B206D617267696E2D626F74746F6D3A20323870783B2070616464696E673A203070783B20776F72642D777261703A20627265616B2D776F72643B20746578742D696E64656E743A2032656D3B223EE58285E5898DE593A8E4BB8BE7BB8DE8AFB4EFBC8CE4B88EE8BF99E587A0E5B9B4E698A5E6999AE4B88AE6838AE889B3E4BAAEE79BB8E79A84E59B9BE6978BE7BFBCE697A0E4BABAE69CBAE99B86E7BEA4E79BB8E6AF94EFBC8CE59BBAE5AE9AE7BFBCE697A0E4BABAE69CBAE58589E698AFE7BC96E9989FE9A39EE8A18CE79A84E99ABEE5BAA6E5B0B1E9AB98E5BE97E5A49AE38082E59BA0E4B8BAE59B9BE6978BE7BFBCE697A0E4BABAE69CBAE58FAFE4BBA5E59CA8E7A9BAE4B8ADE682ACE5819CEFBC8CE69BB4E5AEB9E69893E7B2BEE7A1AEE5AE9AE4BD8DE5928CE7BC96E58699E68EA7E588B6E7A88BE5BA8FE38082E79086E8AEBAE4B88AE8AEB2EFBC8CE58FAAE99C80E8A681E9A284E58588E588B6E5AE9AE5A5BDE6AF8FE69EB6E697A0E4BABAE69CBAE79A84E9A39EE8A18CE8B7AFE7BABFEFBC8CE5AE83E4BBACE5B0B1E58FAFE4BBA5E68C89E785A7E7A88BE5BA8FE59CA8E7A9BAE4B8ADE7BB84E9989FE9A39EE8A18CEFBC8CE4BD86E585B6E5AE9EE79BB8E4BA92E4B98BE997B4E6B2A1E69C89E88194E7B3BBE38082E59BBAE5AE9AE7BFBCE697A0E4BABAE69CBAE79A84E7BC96E9989FE9A39EE8A18CE5B0B1E59BB0E99ABEE5BE88E5A49AE38082E59BA0E4B8BAE59BBAE5AE9AE7BFBCE697A0E4BABAE69CBAE5BF85E9A1BBE4BF9DE68C81E4B880E5AE9AE79A84E9809FE5BAA6E6898DE883BDE7BBB4E68C81E59CA8E7A9BAE4B8ADE9A39EE8A18CEFBC8CE6AF8FE69EB6E697A0E4BABAE69CBAE4B88DE4BB85E99C80E8A681E79FA5E98193E887AAE5B7B1E59CA8E593AAE9878CEFBC8CE8808CE4B894E8BF98E5BE97E79FA5E98193E99984E8BF91E585B6E4BB96E697A0E4BABAE69CBAE79A84E4BD8DE7BDAEE5928CE696B9E59091EFBC8CE5B9B6E6A0B9E68DAEE68385E586B5E8B083E695B4E696B9E59091EFBC8CE4BBA5E981BFE5858DE58F91E7949FE2809CE7A9BAE4B8ADE6929EE69CBAE2809DE4BA8BE69585E38082E8BF99E5B0B1E6848FE591B3E79D80E59BBAE5AE9AE7BFBCE697A0E4BABAE69CBAE5BF85E9A1BBE69C89E2809CE79BB8E4BA92E6B29FE9809AE2809DE883BDE58A9BEFBC8CE5AFB9E5AE83E4BBACE79A84E4BCA0E6849FE599A8E38081E9809AE4BFA1E38081E5AE9AE4BD8DE7AD89E68A80E69CAFE68F90E587BAE4BA86E69E81E9AB98E8A681E6B182E380823C2F703E3C70207374796C653D226D617267696E2D746F703A203070783B206D617267696E2D626F74746F6D3A20323870783B2070616464696E673A203070783B20776F72642D777261703A20627265616B2D776F72643B20746578742D696E64656E743A2032656D3B223EE4B99FE6ADA3E59BA0E4B8BAE59BBAE5AE9AE7BFBCE697A0E4BABAE69CBAE7BC96E9989FE9A39EE8A18CE4B88DE69893EFBC8CE59BA0E6ADA4E4BB8AE5B9B433E69C88E5B7B4E59FBAE696AFE59DA6E99885E585B5E5BC8FE4B88AE79A84E2809CE9A39EE9A9ACE2809DE697A0E4BABAE69CBA28E7BB8FE4B8ADE59BBDE68E88E69D83E7949FE4BAA7E79A84E2809CE5BDA9E899B92D33E2809DE697A0E4BABAE69CBA29E4B889E69CBAE7BC96E9989FE9A39EE8BF87E4B8BBE5B8ADE58FB0E6898DE8AEA9E4B896E7958CE79EA9E79BAEE28094E28094E8BF99E698AFE585A8E79083E7ACACE4B880E6ACA1E697A0E4BABAE69CBAE4BBA5E7BC96E9989FE9A39EE8A18CE79A84E696B9E5BC8FE58F82E58AA0E99885E585B5E380823C2F703E3C70207374796C653D226D617267696E2D746F703A203070783B206D617267696E2D626F74746F6D3A20323870783B2070616464696E673A203070783B20776F72642D777261703A20627265616B2D776F72643B20746578742D696E64656E743A2032656D3B223E3C7374726F6E673EE4B8ADE7BE8EE59CA8E697A0E4BABAE69CBAE9A286E59F9FE7AB9EE4BA89E6BF80E783883C2F7374726F6E673E3C2F703E3C70207374796C653D226D617267696E2D746F703A203070783B206D617267696E2D626F74746F6D3A20323870783B2070616464696E673A203070783B20776F72642D777261703A20627265616B2D776F72643B20746578742D696E64656E743A2032656D3B223EE58285E5898DE593A8E8AEA4E4B8BAEFBC8CE59CA8E697A0E4BABAE69CBAE99B86E7BEA4E79A84E68EA7E588B6E68A80E69CAFE9A286E59F9FEFBC8CE4B8ADE7BE8EE8B5B0E59CA8E4B896E7958CE69C80E5898DE58897E38082E7BE8EE59BBDE887B4E58A9BE4BA8EE68993E980A0E697A0E4BABAE69CBAE99B86E7BEA4EFBC8CE9809AE8BF87E59BBDE998B2E9AB98E7BAA7E7A094E7A9B6E8AEA1E58892E5B18028444152504129E38081E6B5B7E5869BE7A094E7A9B6E5B180E5928CE4BC97E5A49AE5AE9EE9AA8CE5AEA4E7AD89E7BB84E7BB87E69CBAE69E84EFBC8CE59CA8E697A0E4BABAE69CBAE99B86E7BEA4E79A84E6A682E5BFB5E9AA8CE8AF81E7A094E7A9B6E696B9E99DA2E68890E69588E698BEE89197E38082E7BE8EE59BBDE59BBDE998B2E983A8E58F91E5B883E79A84E3808AE697A0E4BABAE69CBAE7B3BBE7BB9FE8B7AFE7BABFE59BBE2032303035E2809432303330E3808BE5B086E697A0E4BABAE69CBAE887AAE4B8BBE68EA7E588B6E7AD89E7BAA7E58886E4B8BA312D3130E7BAA7EFBC8CE7A1AEE7AB8BE2809CE585A8E887AAE4B8BBE99B86E7BEA4E2809DE698AFE697A0E4BABAE69CBAE887AAE4B8BBE68EA7E588B6E79A84E69C80E9AB98E7AD89E7BAA7EFBC8CE9A284E8AEA132303235E5B9B4E5908EE697A0E4BABAE69CBAE5B086E585B7E5A487E585A8E887AAE4B8BBE99B86E7BEA4E883BDE58A9BE380823C2F703E3C70207374796C653D226D617267696E2D746F703A203070783B206D617267696E2D626F74746F6D3A20323870783B2070616464696E673A203070783B20776F72642D777261703A20627265616B2D776F72643B20746578742D696E64656E743A2032656D3B223E32303135E5B9B4EFBC8CE7BE8EE59BBDE6B5B7E5869BE5AE9EE78EB03530E69EB6E59BBAE5AE9AE7BFBCE697A0E4BABAE69CBAE99B86E7BEA4E9A39EE8A18CE79A84E7BAAAE5BD95E38082E8BF99E4BA9BE697A0E4BABAE69CBAE68C89E785A7E4B8BBE4BB8EE6A8A1E5BC8FE9A39EE8A18CEFBC8CE588A9E794A8E697A0E7BABFE887AAE7BB84E7BB87E7BD91E7BB9CE8BF9BE8A18CE4BFA1E681AFE4BAA4E4BA92E5928CE585B1E4BAABE38082E4B88EE4BBA5E5BE80E6AF8FE69EB6E9A39EE69CBAE99C80E8A681E4B880E4B8AAE6938DE4BD9CE59198E4B88DE5908CEFBC8CE8AFA5E9A1B9E79BAEE9809AE8BF87E99B86E7BEA4E59CB0E99DA2E68EA7E588B6E7AB99E5AE9EE78EB0E4BA86E5908CE697B6E5AFB93530E69EB6E697A0E4BABAE69CBAE79A84E68EA7E588B6EFBC8CE5B086E68EA7E588B6E69D83E98090E6B890E8BDACE7A7BBE887B3E9A39EE8A18CE599A8EFBC8CE4BDBFE697A0E4BABAE69CBAE5AE9EE78EB0E887AAE4B8BBE9A39EE8A18CE5928CE586B3E7AD96EFBC8CE4BBA5E5878FE8BDBBE6938DE68EA7E4BABAE59198E79A84E58E8BE58A9BE3808232303136E5B9B43131E69C88EFBC8CE4B8ADE59BBDE7ACACE4B880E4B8AAE59BBAE5AE9AE7BFBCE697A0E4BABAE69CBAE99B86E7BEA4E9A39EE8A18CE8AF95E9AA8CE4BBA53637E69EB6E9A39EE69CBAE79A84E695B0E9878FE68993E7A0B4E4BA86E7BE8EE59BBDE79A84E7BAAAE5BD95E38082E4BB8AE5B9B431E69C88EFBC8CE7BE8EE5869BE4BDBFE794A8E4B889E69EB6E68898E69697E69CBAE59CA8E7A9BAE4B8ADE9878AE694BEE4BA86313033E69EB6E2809CE5B1B1E9B991E2809DE5BEAEE59E8BE4BEA6E5AF9FE697A0E4BABAE69CBAEFBC8CE58FAFE8BF9EE7BBADE9A39EE8A18CE58D8AE5B08FE697B6E4B98BE4B985EFBC8CE883BDE887AAE4B8BBE689A7E8A18CE68385E68AA5E6909CE99B86E5928CE79B91E68EA7E4BBBBE58AA1E38082E4BD86E4B88DE588B0E58D8AE5B9B4E697B6E997B4EFBC8CE8BF99E4B8AAE7BAAAE5BD95E5868DE6ACA1E8A2ABE4B8ADE59BBDE694B9E58699E380823C2F703E3C70207374796C653D226D617267696E2D746F703A203070783B206D617267696E2D626F74746F6D3A20323870783B2070616464696E673A203070783B20776F72642D777261703A20627265616B2D776F72643B20746578742D696E64656E743A2032656D3B223E3C7374726F6E673EE2809CE5838FE699BAE685A7E7949FE789A9E982A3E6A0B7E887AAE4B8BBE586B3E7AD96E2809D3C2F7374726F6E673E3C2F703E3C70207374796C653D226D617267696E2D746F703A203070783B206D617267696E2D626F74746F6D3A20323870783B2070616464696E673A203070783B20776F72642D777261703A20627265616B2D776F72643B20746578742D696E64656E743A2032656D3B223EE4B8ADE59BBDE794B5E7A791E699BAE883BDE697A0E4BABAE7B3BBE7BB9FE4B893E5AEB6E8B5B5E5BDA6E69DB0E8A1A8E7A4BAEFBC8CE887AA31393137E5B9B4E697A0E4BABAE69CBAE4BD9CE4B8BAE4B880E7A78DE696B0E8A385E5A487E997AEE4B896E4BBA5E69DA5EFBC8C313030E5B9B4E5908EE79A84E4BB8AE5A4A9EFBC8CE699BAE883BDE697A0E4BABAE99B86E7BEA4E5868DE4B880E6ACA1E68890E4B8BAE2809CE694B9E58F98E6B8B8E6888FE8A784E58899E2809DE79A84E9A2A0E8A686E680A7E58A9BE9878FEFBC8CE4BBA5E99B86E7BEA4E69BBFE4BBA3E69CBAE58AA8E38081E695B0E9878FE68F90E58D87E883BDE58A9BE38081E68890E69CACE5889BE980A0E4BC98E58ABFE79A84E696B9E5BC8FEFBC8CE9878DE696B0E5AE9AE4B989E79D80E69CAAE69DA5E58A9BE9878FE8BF90E794A8E79A84E5BDA2E68081E380823C2F703E3C70207374796C653D226D617267696E2D746F703A203070783B206D617267696E2D626F74746F6D3A20323870783B2070616464696E673A203070783B20776F72642D777261703A20627265616B2D776F72643B20746578742D696E64656E743A2032656D3B223EE2809CE99B86E7BEA4E699BAE883BDE2809DE4B880E79BB4E8A2ABE59084E59BBDE8A786E4BD9CE697A0E4BABAE7B3BBE7BB9FE4BABAE5B7A5E699BAE883BDE79A84E6A0B8E5BF83EFBC8CE698AFE69CAAE69DA5E699BAE883BDE697A0E4BABAE7B3BBE7BB9FE79A84E7AA81E7A0B4E58FA3E38082E58285E5898DE593A8E8A1A8E7A4BAEFBC8CE697A0E4BABAE69CBAE99B86E7BEA4E79C9FE6ADA3E8A681E5AE9EE794A8E58C96EFBC8CE99DA2E5AFB9E79A84E997AEE9A298E4B88DE58FAAE698AFE7BC96E9989FE9A39EE8A18CEFBC8CE8BF98E99C80E8A681E6A0B9E68DAEE4B88DE5908CE68385E586B5E5838FE699BAE685A7E7949FE789A9E982A3E6A0B7E887AAE4B8BBE5819AE587BAE588A4E696ADE5928CE586B3E7AD96E38082E4BE8BE5A682E697A0E4BABAE69CBAE99B86E7BEA4E68EA7E588B6E79A84E59FBAE7A180E698AFE58D8FE5908CE68081E58ABFE6849FE79FA5EFBC8CE5AE83E4BBACE9858DE5A487E69C89E4B88DE5908CE79A84E4BCA0E6849FE599A8EFBC8CE99C80E8A681E9809AE8BF87E79BB8E4BA92E58D8FE5908C3C6120673D226465736B746F7022207461726765743D225F626C616E6B22206B65793D2231302220687265663D22687474703A2F2F74696D652E71712E636F6D2F6261696B652F6465736B636C65616E2F32303137303230372E68746D3F7067765F7265663D6775616E6A69616E6577735F746970732666726F6D3D6775616E6A69612220636C6173733D226E616D655374617220676A2D6E616D655374617220676A2D6B6579776F726422207374796C653D22746578742D6465636F726174696F6E2D6C696E653A206E6F6E653B206F75746C696E653A203070783B20636F6C6F723A207267622838312C203131322C20313636293B20626F726465722D626F74746F6D3A2031707820646F74746564207267622838332C203130392C20313636293B223EE5B7A5E4BD9C3C2F613EEFBC8CE5AE9EE78EB0E4BFA1E681AFE585B1E4BAABEFBC8CE4BB8EE8808CE88EB7E5BE97E69BB4E5A4A7E79A84E6849FE79FA5E88C83E59BB4E5928CE69BB4E9AB98E79A84E7B2BEE5BAA6E380823C2F703E3C70207374796C653D226D617267696E2D746F703A203070783B206D617267696E2D626F74746F6D3A20323870783B2070616464696E673A203070783B20776F72642D777261703A20627265616B2D776F72643B20746578742D696E64656E743A2032656D3B223EE59CA8E7BC96E9989FE9A39EE8A18CE4B8ADEFBC8CE697A0E4BABAE69CBAE99B86E7BEA4E8BF98E99C80E8A681E6A0B9E68DAEE68385E586B5E58F98E68DA2E9989FE5BDA2EFBC8CE4BE8BE5A682E98187E588B0E99A9CE7A28DE789A9E697B6E695B4E4B8AAE7BC96E9989FE79A84E58886E7A6BBE4B88EE9878DE696B0E89E8DE59088EFBC8CE7BC96E9989FE68890E59198E5A29EE58AA0E68896E5878FE5B091E697B6E79A84E9989FE5BDA2E8B083E695B4EFBC8CE4BBA5E58F8AE4BD9CE68898E79BAEE6A087E694B9E58F98E38081E5A881E88381E78EAFE5A283E58F98E58C96E7AD89E585B6E4BB96E7AA81E58F91E68385E586B5E4B88BE79A84E7BC96E9989FE9878DE69E84E7AD89E38082E5BD93E697A0E4BABAE69CBAE99B86E7BEA4E99DA2E5AFB9E9AB98E5AFB9E68A97E680A7E79A84E68898E59CBAE78EAFE5A283EFBC8CE5AE83E4BBACE8BF98E99C80E8A681E887AAE4B8BBE588A4E696ADE5A682E4BD95E4BBA5E5B0BDE58FAFE883BDE5B091E79A84E68D9FE5A4B1E7A1AEE4BF9DE4BBBBE58AA1E79A84E5AE8CE68890E78E87EFBC8CE4BDBFE697A0E4BABAE69CBAE99B86E7BEA4E59CA8E689A7E8A18CE4BBBBE58AA1E697B6E79A84E7949FE5AD98E6A682E78E87E5928CE4BD9CE68898E69588E883BDE8BEBEE588B0E69C80E4BDB3E380823C2F703E3C70207374796C653D226D617267696E2D746F703A203070783B206D617267696E2D626F74746F6D3A20323870783B2070616464696E673A203070783B20776F72642D777261703A20627265616B2D776F72643B20746578742D696E64656E743A2032656D3B223EE68DAEE4BB8BE7BB8DEFBC8CE5A4A7E8A784E6A8A1E38081E4BD8EE68890E69CACE38081E5A49AE58A9FE883BDE79A84E697A0E4BABAE69CBAE99B86E7BEA4E9809AE8BF87E7A9BAE4B8ADE7BB84E7BD91E38081E887AAE4B8BBE68EA7E588B6E38081E7BEA4E699BAE586B3E7AD96EFBC8CE58FAFE4BBA5E5BA94E794A8E4BA8EE5A49AE7A78DE68EA2E6B58BE6849FE79FA5E38081E5BA94E680A5E9809AE4BFA1E7AD89E4BBBBE58AA1E38082E58285E5898DE593A8E8AFB4EFBC8CE4BE8BE5A682E8BF99E7B1BBE697A0E4BABAE69CBAE99B86E7BEA4E5AE9EE696BDE5AFB9E59CB0E694BBE587BBE697B6EFBC8CE5B0B1E5B086E5AFB9E59CB0E99DA2E998B2E7A9BAE7B3BBE7BB9FE69E84E68890E585A8E696B0E68C91E68898EFBC9AE4B8AAE4BD93E79BAEE6A087E5A4AAE5B08FE99ABEE4BBA5E8B79FE8B8AAEFBC8CE58DB3E4BEBFE587BBE890BDE585B6E4B8ADE587A0E69EB6EFBC8CE4B99FE697A0E6B395E6B688E999A4E695B4E4B8AAE69CBAE7BEA4E79A84E5A881E88381E38082E69CAAE69DA5E699BAE883BDE697A0E4BABAE99B86E7BEA4E8BF98E5B086E59188E78EB0E7B3BBE7BB9FE699BAE883BDE58C96E38081E7BD91E7BB9CE69E81E5A4A7E58C96E38081E88A82E782B9E69E81E5B08FE58C96E38081E5B9B3E58FB0E5A49AE6A0B7E58C96E38081E68890E69CACE4BD8EE5BB89E58C96E4BA94E5A4A7E789B9E782B9EFBC8CE5B9B6E58AA0E9809FE68EA8E8BF9BE699BAE883BDE697A0E4BABAE99B86E7BEA4E59091E8A385E5A487E7B3BBE58897E58C96E38081E5BA94E794A8E5A49AE6A0B7E58C96E38081E8A686E79B96E585A8E59F9FE58C96E5BFABE9809FE58F91E5B195E380823C2F703E3C703E3C62722F3E3C2F703E, '1');
INSERT INTO `complain` VALUES ('40287c815c9ad581015c9ae166830001', '生产技术部', '张荣', '13578888996', '1', '2016-12-03 10:58:02', '工资不给力', '王硕', '总经理办公室', 0x3C703EE69C80E8BF91E585ACE58FB8E4B89AE7BBA9E4B88AE58D87EFBC8CE4BD86E698AFE5B7A5E8B58420E8BF98E698AFE6B2A1E69C89E6B6A83C2F703E3C703E3C696D67207372633D22687474703A2F2F6C6F63616C686F73743A383038302F496E666F726D6174696F6E5F52656C656173655F416E645F436F6D706C61696E745F53797374656D2F75706C6F61642F75656469746F722F696D6167652F32303137303631322F313439373234373037333930303031303130352E6A706722207469746C653D22313439373234373037333930303031303130352E6A70672220616C743D2274696D672E6A7067222F3E3C2F703E3C703E3C62722F3E3C2F703E, '1');
INSERT INTO `complain` VALUES ('40287c815c9ad581015c9ae3135a0002', '生产技术部', '张丽', '13578888996', '0', '2016-12-04 13:00:52', '伙食太差', '张红', '人力资源部', 0x3C703EE69C80E8BF91E585ACE58FB8E9A39FE5A082E4BC99E9A39FE5BE88E4B88DE5A5BDEFBC8CE59198E5B7A5E59083E79A84E5BE88E4B88DE5A5BD3C2F703E3C703E3C696D67207372633D22687474703A2F2F6C6F63616C686F73743A383038302F496E666F726D6174696F6E5F52656C656173655F416E645F436F6D706C61696E745F53797374656D2F75706C6F61642F75656469746F722F696D6167652F32303137303631322F313439373234373138363030393039363535382E6A706722207469746C653D22313439373234373138363030393039363535382E6A70672220616C743D22753D3634303031383238302C3231333639363430393826616D703B666D3D31313726616D703B67703D302E6A7067222F3E3C2F703E, '1');
INSERT INTO `complain` VALUES ('40287c815c9ad581015c9ae59f4f0003', '生产技术部', '张丽', '13578888996', '1', '2016-12-06 14:02:39', '规划太差了', '李梅', '计划营销部', 0x3C703E3C7370616E207374796C653D22746578742D6465636F726174696F6E3A20756E6465726C696E653B223E3C656D3E3C7374726F6E673EE68891E4BBACE585ACE58FB8E79A84E5B9B4E5BAA6E8A784E58892E5A4AAE890BDE5908EEFBC8CE58AA0E7B4A7E9809FE5BAA6E5BC843C2F7374726F6E673E3C2F656D3E3C2F7370616E3E3C2F703E3C68313E3C696D67207372633D22687474703A2F2F6C6F63616C686F73743A383038302F496E666F726D6174696F6E5F52656C656173655F416E645F436F6D706C61696E745F53797374656D2F75706C6F61642F75656469746F722F696D6167652F32303137303631322F313439373234373331343635343035353834362E6A706722207469746C653D22313439373234373331343635343035353834362E6A70672220616C743D2274696D67202831292E6A7067222F3E3C2F68313E3C68313EE58AA0E6B2B93C2F68313E3C703E3C62722F3E3C2F703E3C703E3C62722F3E3C2F703E, '1');
INSERT INTO `complain` VALUES ('40287c815c9ad581015c9ae7446b0004', '生产技术部', '张荣', '13578888996', '0', '2016-12-14 14:04:27', '太忙了', '王林', '人力资源部', 0x3C703EE585ACE58FB8E4B89AE7BBA9E4B88AE58D87EFBC8CE4BD86E698AFE4BABAE6898BE5BF99E4B88DE8BF87E69DA5EFBC8CE68891E4BBACE8BF99E4B8AAE68A80E69CAFE983A8E6AF8FE5A4A9E8B5B7E697A9E8B4AAE9BB91EFBC8CE8B5B6E7B4A7E5BC84E782B9E4BABAE8BF87E69DA5E5958A3C2F703E3C703E3C62722F3E3C2F703E, '1');
INSERT INTO `complain` VALUES ('40287c815c9ad581015c9ae8fb000005', '生产技术部', '黄海涛', '13578888996', '1', '2016-12-15 10:06:19', '无聊', '王硕', '总经理办公室', 0x3C703E3C696D67207372633D22687474703A2F2F6C6F63616C686F73743A383038302F496E666F726D6174696F6E5F52656C656173655F416E645F436F6D706C61696E745F53797374656D2F75706C6F61642F75656469746F722F696D6167652F32303137303631322F313439373234373535383830323036313030312E6A706722207469746C653D22313439373234373535383830323036313030312E6A70672220616C743D22753D333532343136373734312C3332323535363935343926616D703B666D3D323626616D703B67703D302E6A7067222F3E3C2F703E3C703EE79C8BE4BDA0E5A4AAE997B2E4BA86EFBC8CE689BEE782B9E4BA8BE7BB99E4BDA0E5819A3C2F703E3C703E3C62722F3E3C2F703E, '1');
INSERT INTO `complain` VALUES ('40287c815c9ad581015c9aeb28680006', '生产技术部', '黄海涛', '13578888996', '1', '2016-12-22 14:08:42', '态度问题', '伍洋波', '财务部', 0x3C703EE6AF8FE6ACA1E58EBBE8B4A2E58AA1E983A8EFBC8CE983BDE698AFE4B880E7BEA4E9BCBBE5AD94E69C9DE5A4A9E79A84EFBC8CE883BDE4B88DE883BDE68081E5BAA6E5A5BDE782B93C2F703E3C703E3C696D67207372633D22687474703A2F2F6C6F63616C686F73743A383038302F496E666F726D6174696F6E5F52656C656173655F416E645F436F6D706C61696E745F53797374656D2F75706C6F61642F75656469746F722F696D6167652F32303137303631322F313439373234373730393839343031363838342E6A706722207469746C653D22313439373234373730393839343031363838342E6A70672220616C743D22753D313730393337383631302C3330363035303430353326616D703B666D3D323626616D703B67703D302E6A7067222F3E3C2F703E, '1');
INSERT INTO `complain` VALUES ('40287c815c9ad581015c9aef13300007', '财务部', '李亚', '13588888888', '1', '2017-04-06 13:12:58', '百度', '刘强', '财务部', 0x3C703EE6B2A1E4BA8BEFBC8CE5B0B1E7BB99E4BDA0E79C8BE79C8BE59BBE3C2F703E3C703E3C696D67207469746C653D22313439373234373935383638393033313234372E706E672220616C743D22696D6167652E706E6722207372633D22687474703A2F2F6C6F63616C686F73743A383038302F496E666F726D6174696F6E5F52656C656173655F416E645F436F6D706C61696E745F53797374656D2F75706C6F61642F75656469746F722F696D6167652F32303137303631322F313439373234373935383638393033313234372E706E67222F3E3C2F703E, '1');
INSERT INTO `complain` VALUES ('40287c815c9ad581015c9af3e6f30008', '生产技术部', '黄天天', '13578888996', '1', '2016-12-30 14:18:15', 'c语言第一课', '张丽', '生产技术部', 0x3C70726520636C6173733D2262727573683A6370703B746F6F6C6261723A66616C7365223E23696E636C756465266C743B737464696F2E682667743B0D0A696E74266E6273703B6D61696E28290D0A7B0D0A7072696E7466282671756F743B68656C6C6F266E6273703B776F726C642671756F743B293B0D0A72657475726E266E6273703B303B0D0A7D3C2F7072653E3C703E3C62722F3E3C2F703E3C703E3C62722F3E3C2F703E, '1');
INSERT INTO `complain` VALUES ('40287c815c9ad581015c9afa56da0009', '财务部', '李思琪', '13588888888', '0', '2017-05-02 14:25:17', '我的第一个网页', '王硕', '总经理办公室', 0x3C70726520636C6173733D2262727573683A68746D6C3B746F6F6C6261723A66616C7365223E266C743B68746D6C2667743B0D0A266C743B7469746C652667743BE68891E79A84E7ACACE4B880E4B8AAE7BD91E9A1B5266C743B2F7469746C652667743B0D0A266C743B686561642667743B0D0AE68891E79A84E7ACACE4B880E4B8AAE7BD91E9A1B5266C743B2F702667743B0D0A266C743B422667743B266C743B492667743BE68891E79A84E7ACACE4B880E4B8AAE7BD91E9A1B5266C743B2F422667743B266C743B2F492667743B0D0A266C743B2F686561642667743B0D0A266C743B2F68746D6C2667743B3C2F7072653E3C703E3C62722F3E3C2F703E, '1');
INSERT INTO `complain` VALUES ('40287c815c9ad581015c9afd6544000b', '财务部', '刘强', '13588888888', '1', '2017-05-17 09:28:37', '网易', '王硕', '总经理办公室', 0x3C703EE8BF99E698AFE68891E79A84E7BD91E69893E982AEE7AEB1EFBC8CE8B584E69699E58F91E7BB99E688913C2F703E3C703E3135373733303033363532403136332E636F6D3C62722F3E3C2F703E, '1');
INSERT INTO `complain` VALUES ('40287c815c9ad581015c9afef166000c', '财务部', '伍洋波', '13588888888', '0', '2017-05-20 14:30:18', '技术问题', '伍红', '生产技术部', 0x3C703EE5B8AEE68891E5BC84E4B880E4B88BE794B5E88491EFBC8CE69C80E8BF91E69C89E782B9E58DA13C62722F3E3C2F703E, '1');
INSERT INTO `complain` VALUES ('40287c815c9ad581015c9aff745d000d', '财务部', '伍洋波', '13588888888', '1', '2017-05-23 14:30:52', '1212', '王顾', '计划营销部', 0x3C703EE99A8FE4BEBFE99A8FE4BEBFE595A63C62722F3E3C2F703E, '1');
INSERT INTO `complain` VALUES ('40287c815c9ad581015c9b00d995000e', '财务部', '李思琪', '13588888888', '0', '2017-05-12 17:32:23', '加油', '刘青松', '人力资源部', 0x3C703E3C696D67207469746C653D22313439373234393133393236333036383234312E6A70672220616C743D2274696D672E6A706722207372633D22687474703A2F2F6C6F63616C686F73743A383038302F496E666F726D6174696F6E5F52656C656173655F416E645F436F6D706C61696E745F53797374656D2F75706C6F61642F75656469746F722F696D6167652F32303137303631322F313439373234393133393236333036383234312E6A7067222F3E3C2F703E, '1');
INSERT INTO `complain` VALUES ('40287c815c9ad581015c9b03817f000f', '财务部', '刘强', '13588888888', '1', '2017-06-01 14:35:17', '11', '王虹', '计划营销部', 0x3C703EE58F91E9A1BAE4B8B03C62722F3E3C2F703E, '1');
INSERT INTO `complain` VALUES ('40287c815c9ad581015c9b0a6df20010', '财务部', '李亚', '13588888888', '1', '2017-06-03 12:42:51', '没事', '王硕', '总经理办公室', 0x3C703EE697A0E8818AE58F91E79A843C62722F3E3C2F703E, '1');
INSERT INTO `complain` VALUES ('40287c815c9ad581015c9b0b612c0011', '财务部', '刘强', '13588888888', '1', '2017-06-07 09:43:53', '加油', '张红', '人力资源部', 0x3C703EE683B3E8AEA9E4BDA0E58AA0E6B2B93C62722F3E3C2F703E, '1');
INSERT INTO `complain` VALUES ('40287c815c9ad581015c9b0c1f0f0012', '生产技术部', '张荣', '13578888996', '1', '2016-12-12 09:44:42', '嗯嗯', '张炯', '人力资源部', 0x3C703EE595A6E595A6E595A63C62722F3E3C2F703E, '1');
INSERT INTO `complain` VALUES ('40287c815c9ad581015c9b13baf90013', '总经理办公室', '王硕', '15788889999', '1', '2016-12-30 14:53:01', '效率', '王林', '人力资源部', 0x3C703EE5BFABE782B9E5BFABE782B9EFBC8CE69588E78E873C62722F3E3C2F703E, '1');
INSERT INTO `complain` VALUES ('40287c815c9ad581015c9b142ef10014', '总经理办公室', '王硕', '15788889999', '0', '2016-12-28 19:53:30', '效率', '李思琪', '财务部', 0x3C703EE69588E78E87E5BFABE782B93C2F703E, '1');
INSERT INTO `complain` VALUES ('40287c815c9ad581015c9b14b75b0015', '总经理办公室', '王硕', '15788889999', '1', '2017-01-04 13:54:05', '速度', '张丽', '生产技术部', 0x3C703EE5A49AEFBC8CE5BFABEFBC8CE5A5BDEFBC8CE79C813C2F703E, '1');
INSERT INTO `complain` VALUES ('40287c815c9ad581015c9b1548d90016', '总经理办公室', '王硕', '15788889999', '1', '2017-01-03 14:54:42', '加油', '李吉', '计划营销部', 0x3C703EE588ABE68B96E4BA86EFBC8CE58AA0E6B2B9E5958A3C2F703E3C703E3C62722F3E3C2F703E, '1');
INSERT INTO `complain` VALUES ('40287c815c9ad581015c9b16cf980017', '总经理办公室', '王硕', '15788889999', '1', '2017-01-10 14:56:22', 'c语言', '刘强', '财务部', 0x3C70726520636C6173733D2262727573683A6370703B746F6F6C6261723A66616C7365223E23696E636C756465266C743B737464696F2E682667743B0D0A696E74266E6273703B6D61696E28290D0A7B0D0A7072696E7466282671756F743BE7ACACE4B880E4B8AAE7A88BE5BA8F2671756F743B293B0D0A72657475726E3B0D0A7D3C2F7072653E3C703E3C62722F3E3C2F703E, '1');
INSERT INTO `complain` VALUES ('40287c815c9ad581015c9b1730c00018', '总经理办公室', '王硕', '15788889999', '0', '2017-02-15 14:56:47', '做事情', '李梅', '计划营销部', 0x3C703EE8A784E58892E593A63C2F703E, '1');
INSERT INTO `complain` VALUES ('40287c815c9ad581015c9b19e3470019', '总经理办公室', '王硕', '15788889999', '1', '2017-02-03 11:59:44', '多做实事', '李雅', '财务部', 0x3C703EE8B4A2E58AA1E5BE88E9878DE8A6813C2F703E, '1');
INSERT INTO `complain` VALUES ('40287c815c9ad581015c9b2657b2001e', '计划营销部', '李梅', '15514777777', '0', '2017-02-16 12:13:20', '关于计划', '王硕', '总经理办公室', 0x3C703EE58FAFE4BBA5E5A49AE5A49AE8AEA9E68891E4BBACE58EBBE588ABE79A84E59F8EE5B882EFBC8CE79C81E4BBBDE88083E6A0B8EFBC8CE5BC84E782B9E5AE9EE99985E587BAE69DA53C2F703E, '1');
INSERT INTO `complain` VALUES ('40287c815c9ad581015c9b2d4383001f', '计划营销部', '王顾', '15514777777', '1', '2017-03-02 15:20:54', '天', '张红', '人力资源部', 0x3C703EE5A4A93C2F703E, '1');
INSERT INTO `complain` VALUES ('40287c815c9ad581015c9b2d75810020', '计划营销部', '李吉', '15514777777', '1', '2017-02-04 15:21:07', '地', '伍洋波', '财务部', 0x3C703EE59CB03C2F703E, '1');
INSERT INTO `complain` VALUES ('40287c815c9ad581015c9b2e0f4f0021', '计划营销部', '王红', '15514777777', '1', '2017-03-12 06:21:46', '人', '黄天天', '生产技术部', 0x3C703E3C7370616E207374796C653D22666F6E742D73697A653A20333670783B20666F6E742D66616D696C793A20E99AB6E4B9A62C2053696D4C693B223EE4BABA3C2F7370616E3E3C2F703E, '1');
INSERT INTO `complain` VALUES ('40287c815c9ad581015c9b2e5ca80022', '计划营销部', '李吉', '15514777777', '1', '2017-03-17 15:22:06', '口', '王硕', '总经理办公室', 0x3C68313EE58FA33C2F68313E, '1');
INSERT INTO `complain` VALUES ('40287c815c9ad581015c9b2ea7200023', '计划营销部', '王顾', '15514777777', '1', '2017-03-18 15:22:25', '手', '李亚', '财务部', 0x3C703EE6898B3C2F703E, '1');
INSERT INTO `complain` VALUES ('40287c815c9ad581015c9b2ee69d0024', '计划营销部', '李吉', '15514777777', '1', '2017-03-28 08:22:41', '山', '张荣', '生产技术部', 0x3C703EE5B1B13C2F703E, '1');
INSERT INTO `complain` VALUES ('40287c815c9bf9e8015c9c436d5c0000', '人力资源部', '刘青松', '13566666666', '1', '2017-03-29 20:24:44', '拉拉', '张炯', '人力资源部', 0x3C703EE595A6E595A63C2F703E, '1');
INSERT INTO `complain` VALUES ('40287c815c9bf9e8015c9c4472a70001', '人力资源部', '张红', '13566666666', '0', '2017-03-21 15:25:51', '为什么', '王硕', '总经理办公室', 0x3C703EE6808EE4B988E5B0B1E4B880E4B8AAE7BB8FE790863C62722F3E3C2F703E, '1');
INSERT INTO `complain` VALUES ('40287c815c9bf9e8015c9c44e9fd0002', '人力资源部', '王林', '13566666666', '1', '2017-04-01 09:26:21', '为什么', '李吉', '计划营销部', 0x3C703EE4BDA0E79A84E8AEA1E58892E5819AE79A84E5BE88E5B7AE3C2F703E, '1');
INSERT INTO `complain` VALUES ('40287c815c9bf9e8015c9c4576750003', '人力资源部', '张炯', '13566666666', '1', '2017-04-03 10:26:57', '没事', '张荣', '生产技术部', 0x3C703EE58AA0E6B2B9E593A6E38082E88081E993813C2F703E, '1');
INSERT INTO `complain` VALUES ('5f11bf005ca15066015ca154983a0000', '总经理办公室', '王硕', '15788889999', '1', '2017-06-13 20:01:35', '网络有问题', '黄天天', '生产技术部', 0x3C703EE7BD91E7BB9CE5BFBDE784B6E696ADE7BABFE380823C62722F3E3C2F703E, '1');
INSERT INTO `complain` VALUES ('f17414325c81ac80015c81b3b02f0001', '财务部', '伍洋波', '13588888888', '1', '2017-06-10 16:37:36', '网络问题', '黄海涛', '生产技术部', 0x3C703EE7BD91E7BB9CE58DA1E685A2E380823C62722F3E3C2F703E, '1');

-- ----------------------------
-- Table structure for complain_reply
-- ----------------------------
DROP TABLE IF EXISTS `complain_reply`;
CREATE TABLE `complain_reply` (
  `reply_id` varchar(32) COLLATE utf8_bin NOT NULL,
  `comp_id` varchar(32) COLLATE utf8_bin NOT NULL,
  `replyer` varchar(20) COLLATE utf8_bin DEFAULT NULL,
  `reply_dept` varchar(100) COLLATE utf8_bin DEFAULT NULL,
  `reply_time` datetime DEFAULT NULL,
  `reply_content` varchar(300) COLLATE utf8_bin DEFAULT NULL,
  PRIMARY KEY (`reply_id`),
  KEY `FK6A0B84149CF78999` (`comp_id`),
  CONSTRAINT `FK6A0B84149CF78999` FOREIGN KEY (`comp_id`) REFERENCES `complain` (`comp_id`)
) ENGINE=InnoDB DEFAULT CHARSET=utf8 COLLATE=utf8_bin;

-- ----------------------------
-- Records of complain_reply
-- ----------------------------
INSERT INTO `complain_reply` VALUES ('40287c815c9ad581015c9afbc3a1000a', '40287c815c9ad581015c9aef13300007', '伍洋波', '财务部', '2017-01-31 14:26:50', '嗯嗯');
INSERT INTO `complain_reply` VALUES ('40287c815c9bf9e8015c9c525ad6000c', '40287c815c9ad581015c9ade510a0000', '刘青松', '人力资源部', '2016-12-08 20:41:02', '可以可以');
INSERT INTO `complain_reply` VALUES ('40287c815c9bf9e8015c9c52a197000d', '40287c815c9ad581015c9ae3135a0002', '刘青松', '人力资源部', '2016-12-08 20:41:20', '我会注意的');
INSERT INTO `complain_reply` VALUES ('40287c815c9bf9e8015c9c5c39070015', '40287c815c9ad581015c9aef13300007', '黄海涛', '生产技术部', '2016-12-15 20:51:49', '很不错的图片');
INSERT INTO `complain_reply` VALUES ('40287c815c9bf9e8015c9c5c989f0016', '40287c815c9ad581015c9ae3135a0002', '黄海涛', '生产技术部', '2016-12-24 20:52:13', '我会向上级反应');
INSERT INTO `complain_reply` VALUES ('40287c815c9bf9e8015c9c5d02100017', '40287c815c9ad581015c9aff745d000d', '黄海涛', '生产技术部', '2017-01-31 20:52:40', '无聊');
INSERT INTO `complain_reply` VALUES ('40287c815c9bf9e8015c9c5d69e10018', '40287c815c9ad581015c9aeb28680006', '黄海涛', '生产技术部', '2017-01-30 20:53:07', '是该好好训一下');
INSERT INTO `complain_reply` VALUES ('40287c815c9bf9e8015c9c5e22590019', '40287c815c9ad581015c9afd6544000b', '黄海涛', '生产技术部', '2017-01-29 20:53:54', '我会向领导反应');
INSERT INTO `complain_reply` VALUES ('40287c815c9bf9e8015c9c5e4fe9001a', '40287c815c9ad581015c9b0b612c0011', '黄海涛', '生产技术部', '2017-01-28 20:54:06', '嗯嗯');
INSERT INTO `complain_reply` VALUES ('40287c815c9bf9e8015c9c5e8856001b', '40287c815c9ad581015c9b16cf980017', '黄海涛', '生产技术部', '2017-02-28 20:54:20', '写的不错');
INSERT INTO `complain_reply` VALUES ('40287c815c9bf9e8015c9c5ef78a001c', '40287c815c9bf9e8015c9c4576750003', '黄海涛', '生产技术部', '2017-02-01 20:54:48', '没事就没事');
INSERT INTO `complain_reply` VALUES ('40287c815c9bf9e8015c9c5f4b27001d', '40287c815c9bf9e8015c9c44e9fd0002', '黄海涛', '生产技术部', '2017-02-02 20:55:10', '我会跟他说');
INSERT INTO `complain_reply` VALUES ('40287c815c9bf9e8015c9c5f9fad001e', '40287c815c9bf9e8015c9c4472a70001', '黄海涛', '生产技术部', '2017-02-26 20:55:32', '高层决定的没办法');
INSERT INTO `complain_reply` VALUES ('40287c815c9bf9e8015c9c5ff4a6001f', '40287c815c9ad581015c9b0c1f0f0012', '黄海涛', '生产技术部', '2017-01-31 20:55:53', '嗯嗯');
INSERT INTO `complain_reply` VALUES ('40287c815c9bf9e8015c9c602baa0020', '40287c815c9ad581015c9b142ef10014', '黄海涛', '生产技术部', '2017-02-28 20:56:07', '可以');
INSERT INTO `complain_reply` VALUES ('40287c815c9bf9e8015c9c60a5dd0021', '40287c815c9ad581015c9b2d75810020', '黄海涛', '生产技术部', '2017-03-01 20:56:39', '地');
INSERT INTO `complain_reply` VALUES ('40287c815c9bf9e8015c9c60d9a00022', '40287c815c9ad581015c9b2ee69d0024', '黄海涛', '生产技术部', '2017-03-03 20:56:52', '山');
INSERT INTO `complain_reply` VALUES ('40287c815c9bf9e8015c9c6184e10023', '40287c815c9ad581015c9b13baf90013', '王硕', '总经理办公室', '2017-03-02 20:57:36', '我会说的');
INSERT INTO `complain_reply` VALUES ('40287c815c9bf9e8015c9c61afc00024', '40287c815c9ad581015c9b1548d90016', '王硕', '总经理办公室', '2017-03-31 20:57:47', '我会催的');
INSERT INTO `complain_reply` VALUES ('40287c815c9bf9e8015c9c61cfac0025', '40287c815c9ad581015c9b2e0f4f0021', '王硕', '总经理办公室', '2017-03-02 20:57:55', '人');
INSERT INTO `complain_reply` VALUES ('40287c815c9bf9e8015c9c61ee1b0026', '40287c815c9ad581015c9b2e5ca80022', '王硕', '总经理办公室', '2017-03-30 20:58:03', '口');
INSERT INTO `complain_reply` VALUES ('40287c815c9bf9e8015c9c620abf0027', '40287c815c9bf9e8015c9c436d5c0000', '王硕', '总经理办公室', '2017-03-28 20:58:10', '拉拉');
INSERT INTO `complain_reply` VALUES ('40287c815c9bf9e8015c9c629ff80028', '40287c815c9ad581015c9b0a6df20010', '伍洋波', '财务部', '2017-03-28 20:58:48', '可以');
INSERT INTO `complain_reply` VALUES ('40287c815c9bf9e8015c9c62cf020029', '40287c815c9ad581015c9afa56da0009', '伍洋波', '财务部', '2017-03-04 20:59:00', '写的不错');
INSERT INTO `complain_reply` VALUES ('40287c815c9bf9e8015c9c631fa4002a', '40287c815c9ad581015c9b03817f000f', '伍洋波', '财务部', '2017-04-01 20:59:21', '就发邮政');
INSERT INTO `complain_reply` VALUES ('40287c815c9bf9e8015c9c634a87002b', '40287c815c9ad581015c9b00d995000e', '伍洋波', '财务部', '2017-04-02 20:59:32', '看好你哦');
INSERT INTO `complain_reply` VALUES ('40287c815c9bf9e8015c9c63a357002c', '40287c815c9ad581015c9b2d4383001f', '伍洋波', '财务部', '2017-04-03 20:59:55', '天');
INSERT INTO `complain_reply` VALUES ('40287c815c9bf9e8015c9c643e19002d', '40287c815c9ad581015c9b2657b2001e', '刘青松', '人力资源部', '2017-04-30 21:00:34', '可以');
INSERT INTO `complain_reply` VALUES ('40287c815c9bf9e8015c9c64804e002e', '40287c815c9ad581015c9b1730c00018', '刘青松', '人力资源部', '2017-04-30 21:00:51', '马上催他');
INSERT INTO `complain_reply` VALUES ('40287c815c9bf9e8015c9c64aae4002f', '40287c815c9ad581015c9b14b75b0015', '刘青松', '人力资源部', '2017-04-02 21:01:02', 'JD');
INSERT INTO `complain_reply` VALUES ('40287c815c9bf9e8015c9c6528150030', '40287c815c9ad581015c9afef166000c', '李吉', '计划营销部', '2017-05-05 21:01:34', '会帮你说的');
INSERT INTO `complain_reply` VALUES ('40287c815c9bf9e8015c9c65505e0031', '40287c815c9ad581015c9ae59f4f0003', '李吉', '计划营销部', '2017-06-03 21:01:44', '哦哦');
INSERT INTO `complain_reply` VALUES ('40287c815c9bf9e8015c9c65856b0032', '40287c815c9ad581015c9b19e3470019', '李吉', '计划营销部', '2017-05-05 21:01:58', '肯定啊');
INSERT INTO `complain_reply` VALUES ('40287c815c9bf9e8015c9c65b22b0033', '40287c815c9ad581015c9ae166830001', '李吉', '计划营销部', '2017-05-03 21:02:09', '没办法啊');
INSERT INTO `complain_reply` VALUES ('40287c815c9bf9e8015c9c65d0180034', '40287c815c9ad581015c9ae8fb000005', '李吉', '计划营销部', '2017-05-20 21:02:17', '切');
INSERT INTO `complain_reply` VALUES ('40287c815c9bf9e8015c9c65e8890035', '40287c815c9ad581015c9b2ea7200023', '李吉', '计划营销部', '2017-05-28 21:02:23', '手');
INSERT INTO `complain_reply` VALUES ('40287c815c9bf9e8015c9c67f89f0036', '40287c815c9ad581015c9ae7446b0004', '刘青松', '人力资源部', '2017-06-02 21:04:39', '嗯嗯');
INSERT INTO `complain_reply` VALUES ('40287c815c9bf9e8015c9c681e6e0037', '40287c815c9ad581015c9af3e6f30008', '刘青松', '人力资源部', '2017-06-07 21:04:48', '可以啊，写的');
INSERT INTO `complain_reply` VALUES ('5f11bf005ca15066015ca15ad89e0001', '5f11bf005ca15066015ca154983a0000', '黄海涛', '生产技术部', '2017-06-13 20:08:24', '马上安排黄天天去检查。');
INSERT INTO `complain_reply` VALUES ('f17414325c81ac80015c81b53e610002', 'f17414325c81ac80015c81b3b02f0001', '王硕', '总经理办公室', '2017-06-02 16:39:18', '在本周内进行维修排查网络。');

-- ----------------------------
-- Table structure for info
-- ----------------------------
DROP TABLE IF EXISTS `info`;
CREATE TABLE `info` (
  `info_id` varchar(32) COLLATE utf8_bin NOT NULL,
  `type` varchar(10) COLLATE utf8_bin DEFAULT NULL,
  `source` varchar(50) COLLATE utf8_bin DEFAULT NULL,
  `title` varchar(100) COLLATE utf8_bin NOT NULL,
  `content` longtext COLLATE utf8_bin,
  `memo` varchar(200) COLLATE utf8_bin DEFAULT NULL,
  `creator` varchar(10) COLLATE utf8_bin DEFAULT NULL,
  `create_time` datetime DEFAULT NULL,
  `state` varchar(1) COLLATE utf8_bin DEFAULT NULL,
  PRIMARY KEY (`info_id`)
) ENGINE=InnoDB DEFAULT CHARSET=utf8 COLLATE=utf8_bin;

-- ----------------------------
-- Records of info
-- ----------------------------
INSERT INTO `info` VALUES ('40287c815c9ad581015c9b1db26e001a', 'gsjy', '', '涨工资了', 0x3C703E3C696D67207372633D22687474703A2F2F6C6F63616C686F73743A383038302F496E666F726D6174696F6E5F52656C656173655F416E645F436F6D706C61696E745F53797374656D2F75706C6F61642F75656469746F722F696D6167652F32303137303631322F313439373238333037303739343035383135372E6A706722207469746C653D22313439373238333037303739343035383135372E6A70672220616C743D22E8B791E6ADA5E69CBAE78C9DE6ADBB2E6A7067222F3E3C2F703E3C703E3C62722F3E3C2F703E3C703EE7BB8FE585ACE58FB8E9AB98E5B182E586B3E8AEAEEFBC8CE4B8BAE59198E5B7A5E4B88AE6B6A8E4B88DE5908CE695B0E79BAEE79A84E5B7A5E8B584EFBC8CE585B7E4BD93E8AFB7E588B0E59084E983A8E997A8E4B8BBE7AEA1E593AAE9878CE8AFA2E997AEE380823C62722F3E3C2F703E, '加油，各位同事，好好干', '伍洋波', '2016-12-08 15:01:54', '1');
INSERT INTO `info` VALUES ('40287c815c9ad581015c9b200675001b', 'tzgg', '', '2017年6月时事政治', 0x3C70207374796C653D226D617267696E3A20387078203070783B2070616464696E673A203070783B20666F6E742D73697A653A20313670783B20636F6C6F723A20726762283130322C203130322C20313032293B20666F6E742D66616D696C793A202671756F743B4D6963726F736F66742059614865692671756F743B3B20666F6E742D7374796C653A206E6F726D616C3B20666F6E742D76617269616E742D6C69676174757265733A206E6F726D616C3B20666F6E742D76617269616E742D636170733A206E6F726D616C3B20666F6E742D7765696768743A206E6F726D616C3B206C65747465722D73706163696E673A206E6F726D616C3B206F727068616E733A20323B20746578742D616C69676E3A2073746172743B20746578742D696E64656E743A203070783B20746578742D7472616E73666F726D3A206E6F6E653B2077686974652D73706163653A206E6F726D616C3B207769646F77733A20323B20776F72642D73706163696E673A203070783B202D7765626B69742D746578742D7374726F6B652D77696474683A203070783B20746578742D6465636F726174696F6E2D7374796C653A20696E697469616C3B20746578742D6465636F726174696F6E2D636F6C6F723A20696E697469616C3B223E3C7374726F6E673EE4B880E38081E59BBDE58685E983A8E58886EFBC9A3C2F7374726F6E673E3C2F703E3C70207374796C653D226D617267696E3A20387078203070783B2070616464696E673A203070783B20666F6E742D73697A653A20313670783B20636F6C6F723A20726762283130322C203130322C20313032293B20666F6E742D66616D696C793A202671756F743B4D6963726F736F66742059614865692671756F743B3B20666F6E742D7374796C653A206E6F726D616C3B20666F6E742D76617269616E742D6C69676174757265733A206E6F726D616C3B20666F6E742D76617269616E742D636170733A206E6F726D616C3B20666F6E742D7765696768743A206E6F726D616C3B206C65747465722D73706163696E673A206E6F726D616C3B206F727068616E733A20323B20746578742D616C69676E3A2073746172743B20746578742D696E64656E743A203070783B20746578742D7472616E73666F726D3A206E6F6E653B2077686974652D73706163653A206E6F726D616C3B207769646F77733A20323B20776F72642D73706163696E673A203070783B202D7765626B69742D746578742D7374726F6B652D77696474683A203070783B20746578742D6465636F726174696F6E2D7374796C653A20696E697469616C3B20746578742D6465636F726174696F6E2D636F6C6F723A20696E697469616C3B223E31E38081E4B8ADE59BBDE981A5E6849FE58DABE6989FE59CB0E99DA2E7AB99E99986E59CB0E8A782E6B58BE58DABE6989FE695B0E68DAEE585A8E59BBDE68EA5E694B6E7AB99E7BD91E5BBBAE8AEBEE9A1B9E79BAE35E69C883331E697A5E59CA8E58C97E4BAACE9809AE8BF87E59BBDE5AEB6E9AA8CE694B6EFBC8C3C7370616E207374796C653D22746578742D6465636F726174696F6E3A20756E6465726C696E653B223E3C7374726F6E673EE6A087E5BF97E79D80E68891E59BBDE99986E59CB0E8A782E6B58BE58DABE6989FE695B0E68DAEE68EA5E694B6E7AB99E7BD91E585A8E99DA2E5BBBAE688903C2F7374726F6E673E3C2F7370616E3EE38082E8AFA5E7AB99E7BD91E4BDBFE68891E59BBDE79BB4E68EA5E68EA5E694B6E58DABE6989FE695B0E68DAEE79A84E88C83E59BB4E8A686E79B96E4BA86E585A8E983A8E79686E59C9FE5928CE4BA9AE6B4B2373025E79A84E58CBAE59F9FEFBC8CE5A1ABE8A1A5E4BA86E68891E59BBDE8A5BFE983A8E5928CE58D97E6B5B7E7AD89E9878DE8A681E68898E795A5E58CBAE59F9FE79A84E7A9BAE799BDEFBC8CE698BEE89197E5A29EE5BCBAE4BA86E68891E59BBDE981A5E6849FE5BA94E794A8E79A84E695B0E68DAEE69C8DE58AA1E883BDE58A9BE380823C2F703E3C70207374796C653D226D617267696E3A20387078203070783B2070616464696E673A203070783B20666F6E742D73697A653A20313670783B20636F6C6F723A20726762283130322C203130322C20313032293B20666F6E742D66616D696C793A202671756F743B4D6963726F736F66742059614865692671756F743B3B20666F6E742D7374796C653A206E6F726D616C3B20666F6E742D76617269616E742D6C69676174757265733A206E6F726D616C3B20666F6E742D76617269616E742D636170733A206E6F726D616C3B20666F6E742D7765696768743A206E6F726D616C3B206C65747465722D73706163696E673A206E6F726D616C3B206F727068616E733A20323B20746578742D616C69676E3A2073746172743B20746578742D696E64656E743A203070783B20746578742D7472616E73666F726D3A206E6F6E653B2077686974652D73706163653A206E6F726D616C3B207769646F77733A20323B20776F72642D73706163696E673A203070783B202D7765626B69742D746578742D7374726F6B652D77696474683A203070783B20746578742D6465636F726174696F6E2D7374796C653A20696E697469616C3B20746578742D6465636F726174696F6E2D636F6C6F723A20696E697469616C3B223E32E3808132303137E5B9B436E69C8831E697A5E887B332E697A5EFBC8CE69D8EE5858BE5BCBAE5908CE6ACA7E6B4B2E79086E4BA8BE4BC9AE4B8BBE5B8ADE59490E7BAB3E5BEB7C2B7E59BBEE696AFE5858BE38081E6ACA7E79B9FE5A794E59198E4BC9AE4B8BBE5B8ADE8AEA9E28094E5858BE6B49BE5BEB7C2B7E5AEB9E5858BE59CA8E5B883E9B281E5A19EE5B094E4B8BEE8A18CE7ACACE58D81E4B99DE6ACA1E4B8ADE59BBDE28094E6ACA7E79B9FE9A286E5AFBCE4BABAE4BC9AE699A4E38082E4B8ADE59BBDE6ACA7E79B9FE9A286E5AFBCE4BABAE7A7AFE69E81E8AF84E4BBB7E4BC9AE699A4E68890E69E9CEFBC8C3C7370616E207374796C653D22746578742D6465636F726174696F6E3A20756E6465726C696E653B223E3C7374726F6E673EE8AEA4E4B8BAE4B8ADE6ACA7E59CA8E694BFE6B2BBE38081E7BB8FE6B58EE38081E4BABAE69687E7AD89E9A286E59F9FE585B3E7B3BBE58F91E5B195E68890E5B0B1E69690E784B6E38082E58F8CE696B9E684BFE7BBA7E7BBADE69CACE79D80E79BB8E4BA92E5B08AE9878DE38081E5B9B3E7AD89E4BA92E4BFA1E38081E4BA92E588A9E585B1E8B5A2E79A84E58E9FE58899EFBC8CE58585E58886E58F91E68CA5E9A286E5AFBCE4BABAE4BC9AE699A4E38081E9AB98E7BAA7E588ABE68898E795A5E5AFB9E8AF9DE38081E7BB8FE8B4B8E9AB98E5B182E5AFB9E8AF9DE38081E9AB98E7BAA7E588ABE4BABAE69687E4BAA4E6B581E5AFB9E8AF9DE7AD89E8BF913730E4B8AAE5AFB9E8AF9DE4B88EE59088E4BD9CE69CBAE588B6E79A84E4BD9CE794A8EFBC8CE6B7B1E58C96E5928CE5B9B3E38081E5A29EE995BFE38081E694B9E99DA9E38081E69687E6988EE59B9BE5A4A7E4BC99E4BCB4E585B3E7B3BBEFBC8CE68B93E5B195E58F8CE8BEB9E38081E59CB0E58CBAE5928CE585A8E79083E5B182E99DA2E79A84E59088E4BD9C3C2F7374726F6E673E3C2F7370616E3EE380823C2F703E3C70207374796C653D226D617267696E3A20387078203070783B2070616464696E673A203070783B20666F6E742D73697A653A20313670783B20636F6C6F723A20726762283130322C203130322C20313032293B20666F6E742D66616D696C793A202671756F743B4D6963726F736F66742059614865692671756F743B3B20666F6E742D7374796C653A206E6F726D616C3B20666F6E742D76617269616E742D6C69676174757265733A206E6F726D616C3B20666F6E742D76617269616E742D636170733A206E6F726D616C3B20666F6E742D7765696768743A206E6F726D616C3B206C65747465722D73706163696E673A206E6F726D616C3B206F727068616E733A20323B20746578742D616C69676E3A2073746172743B20746578742D696E64656E743A203070783B20746578742D7472616E73666F726D3A206E6F6E653B2077686974652D73706163653A206E6F726D616C3B207769646F77733A20323B20776F72642D73706163696E673A203070783B202D7765626B69742D746578742D7374726F6B652D77696474683A203070783B20746578742D6465636F726174696F6E2D7374796C653A20696E697469616C3B20746578742D6465636F726174696F6E2D636F6C6F723A20696E697469616C3B223E33E38081E585A8E79083E69C80E5A4A7E79A84E6B0B4E58589E4BA92E8A1A5E794B5E7AB99E28094E28094E99D92E6B5B7E6B5B7E58D97E8978FE6978FE887AAE6B2BBE5B79EE9BE99E7BE8AE5B3A1E6B0B4E58589E4BA92E8A1A5E58589E4BC8FE794B5E7AB99EFBC8C32303137E5B9B4E5B086E5A496E98081E6B19FE88B8F3230E4BABFE5BAA6E794B5EFBC8CE68A98E590883234E4B887E5A49AE590A8E6A087E58786E785A4EFBC8CE79BB8E5BD93E4BA8EE5878FE68E92E4BA8CE6B0A7E58C96E7A2B33630E5A49AE4B887E590A8E38082E9809AE8BF87E6A2AFE7BAA7E6B0B4E794B5E38081E58589E783ADE79A84E8B083E88A82E4BD9CE794A8EFBC8C3C7370616E207374796C653D22746578742D6465636F726174696F6E3A20756E6465726C696E653B223E3C7374726F6E673EE99D92E6B5B7E68890E4B8BAE59BBDE58685E9A696E4B8AAE58FAFE5AE9EE78EB0E6B0B4E794B5E38081E58589E783ADE38081E58589E4BC8FE38081E9A38EE794B5E4B98BE997B4E4BC98E58ABFE4BA92E8A1A5E79A84E59CB0E58CBAEFBC8CE4B8BAE794B5E7BD91E68F90E4BE9BE8BF9EE7BBADE38081E7A8B3E5AE9AE38081E4BC98E8B4A8E79A84E6B885E6B481E883BDE6BA90EFBC8CE5B086E5AF8CE4BD99E696B0E883BDE6BA90E794B5E9878FE98081E5BE80E4B8ADE4B89CE983A8E59CB0E58CBA3C2F7374726F6E673E3C2F7370616E3EE380823C2F703E3C70207374796C653D226D617267696E3A20387078203070783B2070616464696E673A203070783B20666F6E742D73697A653A20313670783B20636F6C6F723A20726762283130322C203130322C20313032293B20666F6E742D66616D696C793A202671756F743B4D6963726F736F66742059614865692671756F743B3B20666F6E742D7374796C653A206E6F726D616C3B20666F6E742D76617269616E742D6C69676174757265733A206E6F726D616C3B20666F6E742D76617269616E742D636170733A206E6F726D616C3B20666F6E742D7765696768743A206E6F726D616C3B206C65747465722D73706163696E673A206E6F726D616C3B206F727068616E733A20323B20746578742D616C69676E3A2073746172743B20746578742D696E64656E743A203070783B20746578742D7472616E73666F726D3A206E6F6E653B2077686974652D73706163653A206E6F726D616C3B207769646F77733A20323B20776F72642D73706163696E673A203070783B202D7765626B69742D746578742D7374726F6B652D77696474683A203070783B20746578742D6465636F726174696F6E2D7374796C653A20696E697469616C3B20746578742D6465636F726174696F6E2D636F6C6F723A20696E697469616C3B223E34E380813C7370616E207374796C653D22746578742D6465636F726174696F6E3A20756E6465726C696E653B223E3C7374726F6E673EE697A5E5898DE585ACE5AE89E69CBAE585B3E6988EE7A1AEEFBC8C37E69C8831E697A5E8B5B7E5B086E5AE9EE78EB0E8BAABE4BBBDE8AF81E585A8E59BBDE88C83E59BB4E5BC82E59CB0E58A9EE79086EFBC8CE5A594E6B3A2E58D83E9878CE59B9EE4B9A1E58A9EE8AF81E68DA2E8AF81E5B0B1E8A681E68890E4B8BAE58E86E58FB23C2F7374726F6E673E3C2F7370616E3EE3808232303136E5B9B4E69CABEFBC8CE585A8E59BBDE4BABAE688B7E58886E7A6BBE4BABAE58FA3E5B7B2E8BEBE322E3932E4BABFEFBC8CE5BC82E59CB0E58A9EE8AF81E58F88E698AFE4B880E9A1B9E683A0E58F8AE587A0E4BABFE4BABAE79A84E694B9E99DA9E380823C2F703E3C70207374796C653D226D617267696E3A20387078203070783B2070616464696E673A203070783B20666F6E742D73697A653A20313670783B20636F6C6F723A20726762283130322C203130322C20313032293B20666F6E742D66616D696C793A202671756F743B4D6963726F736F66742059614865692671756F743B3B20666F6E742D7374796C653A206E6F726D616C3B20666F6E742D76617269616E742D6C69676174757265733A206E6F726D616C3B20666F6E742D76617269616E742D636170733A206E6F726D616C3B20666F6E742D7765696768743A206E6F726D616C3B206C65747465722D73706163696E673A206E6F726D616C3B206F727068616E733A20323B20746578742D616C69676E3A2073746172743B20746578742D696E64656E743A203070783B20746578742D7472616E73666F726D3A206E6F6E653B2077686974652D73706163653A206E6F726D616C3B207769646F77733A20323B20776F72642D73706163696E673A203070783B202D7765626B69742D746578742D7374726F6B652D77696474683A203070783B20746578742D6465636F726174696F6E2D7374796C653A20696E697469616C3B20746578742D6465636F726174696F6E2D636F6C6F723A20696E697469616C3B223E35E380813C7370616E207374796C653D22746578742D6465636F726174696F6E3A20756E6465726C696E653B223E3C7374726F6E673EE59CA832303137E5B9B435E69C88E58FACE5BC80E79A84E4B896E7958CE6B094E8B1A1E7BB84E7BB87EFBC88574D4FEFBC89E689A7E8A18CE79086E4BA8BE4BC9AE7ACACE585ADE58D81E4B99DE6ACA1E5B18AE4BC9AE4B88AEFBC8CE4B8ADE59BBDE6B094E8B1A1E5B180E8A2ABE6ADA3E5BC8FE8AEA4E5AE9AE4B8BAE4B896E7958CE6B094E8B1A1E4B8ADE5BF83EFBC88574D43EFBC893C2F7374726F6E673E3C2F7370616E3EE380823C2F703E3C70207374796C653D226D617267696E3A20387078203070783B2070616464696E673A203070783B20666F6E742D73697A653A20313670783B20636F6C6F723A20726762283130322C203130322C20313032293B20666F6E742D66616D696C793A202671756F743B4D6963726F736F66742059614865692671756F743B3B20666F6E742D7374796C653A206E6F726D616C3B20666F6E742D76617269616E742D6C69676174757265733A206E6F726D616C3B20666F6E742D76617269616E742D636170733A206E6F726D616C3B20666F6E742D7765696768743A206E6F726D616C3B206C65747465722D73706163696E673A206E6F726D616C3B206F727068616E733A20323B20746578742D616C69676E3A2073746172743B20746578742D696E64656E743A203070783B20746578742D7472616E73666F726D3A206E6F6E653B2077686974652D73706163653A206E6F726D616C3B207769646F77733A20323B20776F72642D73706163696E673A203070783B202D7765626B69742D746578742D7374726F6B652D77696474683A203070783B20746578742D6465636F726174696F6E2D7374796C653A20696E697469616C3B20746578742D6465636F726174696F6E2D636F6C6F723A20696E697469616C3B223E36E38081E697A5E5898DEFBC8CE78EAFE4BF9DE983A8E585ACE5B883E3808A32303136E4B8ADE59BBDE78EAFE5A283E78AB6E586B5E585ACE68AA5E3808BEFBC8CE585ACE68AA5E698BEE7A4BAEFBC8C32303136E5B9B4E585A8E59BBD333338E4B8AAE59CB0E7BAA7E58F8AE4BBA5E4B88AE59F8EE5B882E4B8ADEFBC8CE69C893834E4B8AAE78EAFE5A283E7A9BAE6B094E8B4A8E9878FE8BEBEE6A087EFBC8CE58DA032342E3925EFBC9BE5B9B3E59D87E4BC98E889AFE5A4A9E695B0E6AF94E4BE8BE4B8BA37382E3825EFBC8CE6AF9432303135E5B9B4E4B88AE58D87322E31E4B8AAE799BEE58886E782B9E38082E696B0E78EAFE5A283E7A9BAE6B094E8B4A8E9878FE6A087E58786E7ACACE4B880E998B6E6AEB5E5AE9EE696BDE79B91E6B58BE79A843734E4B8AAE59F8EE5B882E5B9B3E59D87E4BC98E889AFE5A4A9E695B0E6AF94E4BE8BE4B8BA37342E3225EFBC8CE6AF9432303135E5B9B4E4B88AE58D87332E30E4B8AAE799BEE58886E782B9EFBC9BE7BB86E9A297E7B292E789A9EFBC88504D322E35EFBC89E5B9B3E59D87E6B593E5BAA6E6AF9432303135E5B9B4E4B88BE9998D392E3125E380823C2F703E3C70207374796C653D226D617267696E3A20387078203070783B2070616464696E673A203070783B20666F6E742D73697A653A20313670783B20636F6C6F723A20726762283130322C203130322C20313032293B20666F6E742D66616D696C793A202671756F743B4D6963726F736F66742059614865692671756F743B3B20666F6E742D7374796C653A206E6F726D616C3B20666F6E742D76617269616E742D6C69676174757265733A206E6F726D616C3B20666F6E742D76617269616E742D636170733A206E6F726D616C3B20666F6E742D7765696768743A206E6F726D616C3B206C65747465722D73706163696E673A206E6F726D616C3B206F727068616E733A20323B20746578742D616C69676E3A2073746172743B20746578742D696E64656E743A203070783B20746578742D7472616E73666F726D3A206E6F6E653B2077686974652D73706163653A206E6F726D616C3B207769646F77733A20323B20776F72642D73706163696E673A203070783B202D7765626B69742D746578742D7374726F6B652D77696474683A203070783B20746578742D6465636F726174696F6E2D7374796C653A20696E697469616C3B20746578742D6465636F726174696F6E2D636F6C6F723A20696E697469616C3B223E37E3808136E69C8837E697A5EFBC8C3C7370616E207374796C653D22746578742D6465636F726174696F6E3A20756E6465726C696E653B223E3C7374726F6E673EE59BBDE5AEB6E4B8BBE5B8ADE4B9A0E8BF91E5B9B3E4B998E4B893E69CBAE68AB5E8BEBEE59388E890A8E5858BE696AFE59DA6E585B1E5928CE59BBDE9A696E983BDE998BFE696AFE5A194E7BAB3EFBC8CE5BC80E5A78BE5AFB9E59388E890A8E5858BE696AFE59DA6E585B1E5928CE59BBDE8BF9BE8A18CE59BBDE4BA8BE8AEBFE997AEE5B9B6E587BAE5B8ADE4B88AE6B5B7E59088E4BD9CE7BB84E7BB87E68890E59198E59BBDE58583E9A696E79086E4BA8BE4BC9AE7ACACE58D81E4B883E6ACA1E4BC9AE8AEAEE5928CE998BFE696AFE5A194E7BAB3E4B893E9A1B9E4B896E58D9AE4BC9AE5BC80E5B995E5BC8F3C2F7374726F6E673E3C2F7370616E3EE380823C2F703E3C70207374796C653D226D617267696E3A20387078203070783B2070616464696E673A203070783B20666F6E742D73697A653A20313670783B20636F6C6F723A20726762283130322C203130322C20313032293B20666F6E742D66616D696C793A202671756F743B4D6963726F736F66742059614865692671756F743B3B20666F6E742D7374796C653A206E6F726D616C3B20666F6E742D76617269616E742D6C69676174757265733A206E6F726D616C3B20666F6E742D76617269616E742D636170733A206E6F726D616C3B20666F6E742D7765696768743A206E6F726D616C3B206C65747465722D73706163696E673A206E6F726D616C3B206F727068616E733A20323B20746578742D616C69676E3A2073746172743B20746578742D696E64656E743A203070783B20746578742D7472616E73666F726D3A206E6F6E653B2077686974652D73706163653A206E6F726D616C3B207769646F77733A20323B20776F72642D73706163696E673A203070783B202D7765626B69742D746578742D7374726F6B652D77696474683A203070783B20746578742D6465636F726174696F6E2D7374796C653A20696E697469616C3B20746578742D6465636F726174696F6E2D636F6C6F723A20696E697469616C3B223E38E38081E4BB8EE58C97E4BAACE993B6E79B91E5B180E4BA86E8A7A3E588B0EFBC9A2036E69C8836E697A5EFBC8CE8AFA5E5B180E689B9E5A48DE5908CE6848FE58C97E4BAACE4B8ADE585B3E69D91E993B6E8A18CE5BC80E4B89AEFBC8CE58C97E4BAACE5B882E9A696E5AEB6E6B091E890A5E993B6E8A18CE6ADA3E5BC8FE890BDE59CB0E380823C7370616E207374796C653D22746578742D6465636F726174696F6E3A20756E6465726C696E653B223E3C7374726F6E673EE8BF99E4B99FE698AFE585A8E59BBDE7ACAC20E58D81E4B889E5AEB6E88EB7E689B9E5BC80E4B89AE79A84E6B091E890A5E993B6E8A18C3C2F7374726F6E673E3C2F7370616E3EE380823C2F703E3C70207374796C653D226D617267696E3A20387078203070783B2070616464696E673A203070783B20666F6E742D73697A653A20313670783B20636F6C6F723A20726762283130322C203130322C20313032293B20666F6E742D66616D696C793A202671756F743B4D6963726F736F66742059614865692671756F743B3B20666F6E742D7374796C653A206E6F726D616C3B20666F6E742D76617269616E742D6C69676174757265733A206E6F726D616C3B20666F6E742D76617269616E742D636170733A206E6F726D616C3B20666F6E742D7765696768743A206E6F726D616C3B206C65747465722D73706163696E673A206E6F726D616C3B206F727068616E733A20323B20746578742D616C69676E3A2073746172743B20746578742D696E64656E743A203070783B20746578742D7472616E73666F726D3A206E6F6E653B2077686974652D73706163653A206E6F726D616C3B207769646F77733A20323B20776F72642D73706163696E673A203070783B202D7765626B69742D746578742D7374726F6B652D77696474683A203070783B20746578742D6465636F726174696F6E2D7374796C653A20696E697469616C3B20746578742D6465636F726174696F6E2D636F6C6F723A20696E697469616C3B223E39E3808136E69C8839E697A5EFBC8C3C7370616E207374796C653D22746578742D6465636F726174696F6E3A206E6F6E653B223EE4B88AE6B5B7E59088E4BD9CE7BB84E7BB87E68890E59198E59BBDE58583E9A696E79086E4BA8BE4BC9AE7ACACE58D81E4B883E6ACA1E4BC9AE8AEAEE59CA8E59388E890A8E5858BE696AFE59DA6E9A696E983BDE998BFE696AFE5A194E7BAB3E4B8BEE8A18C3C2F7370616E3EE38082E59BBDE5AEB6E4B8BBE5B8ADE4B9A0E8BF91E5B9B3E5908CE59388E890A8E5858BE696AFE59DA6E680BBE7BB9FE7BAB3E6898EE5B094E5B7B4E880B6E5A4ABE38081E59089E5B094E59089E696AFE696AFE59DA6E680BBE7BB9FE998BFE59DA6E5B7B4E880B6E5A4ABE38081E4BF84E7BD97E696AFE680BBE7BB9FE699AEE4BAACE38081E5A194E59089E5858BE696AFE59DA6E680BBE7BB9FE68B89E8B5ABE89299E38081E4B98CE585B9E588ABE5858BE696AFE59DA6E680BBE7BB9FE7B1B3E5B094E6B58EE7BAA6E880B6E5A4ABE587BAE5B8ADE4BC9AE8AEAEE38082E4B9A0E8BF91E5B9B3E59CA8E4BC9AE4B88AE58F91E8A1A8E9878DE8A681E8AEB2E8AF9DEFBC8C3C7370616E207374796C653D22746578742D6465636F726174696F6E3A20756E6465726C696E653B223E3C7374726F6E673EE5BCBAE8B083E4B88AE6B5B7E59088E4BD9CE7BB84E7BB87E68890E59198E59BBDE8A681E5BCBAE58C96E591BDE8BF90E585B1E5908CE4BD93E6848FE8AF86EFBC8CE5B7A9E59BBAE59BA2E7BB93E58D8FE4BD9CEFBC8CE690BAE6898BE5BA94E5AFB9E68C91E68898EFBC8CE6B7B1E58C96E58AA1E5AE9EE59088E4BD9CEFBC8CE68B89E7B4A7E4BABAE69687E7BABDE5B8A6EFBC8CE59D9AE68C81E5BC80E694BEE58C85E5AEB9EFBC8CE690BAE6898BE5889BE980A0E69CACE7BB84E7BB87E69BB4E58AA0E58589E6988EE79A84E69CAAE69DA53C2F7374726F6E673E3C2F7370616E3EE380823C2F703E3C70207374796C653D226D617267696E3A20387078203070783B2070616464696E673A203070783B20666F6E742D73697A653A20313670783B20636F6C6F723A20726762283130322C203130322C20313032293B20666F6E742D66616D696C793A202671756F743B4D6963726F736F66742059614865692671756F743B3B20666F6E742D7374796C653A206E6F726D616C3B20666F6E742D76617269616E742D6C69676174757265733A206E6F726D616C3B20666F6E742D76617269616E742D636170733A206E6F726D616C3B20666F6E742D7765696768743A206E6F726D616C3B206C65747465722D73706163696E673A206E6F726D616C3B206F727068616E733A20323B20746578742D616C69676E3A2073746172743B20746578742D696E64656E743A203070783B20746578742D7472616E73666F726D3A206E6F6E653B2077686974652D73706163653A206E6F726D616C3B207769646F77733A20323B20776F72642D73706163696E673A203070783B202D7765626B69742D746578742D7374726F6B652D77696474683A203070783B20746578742D6465636F726174696F6E2D7374796C653A20696E697469616C3B20746578742D6465636F726174696F6E2D636F6C6F723A20696E697469616C3B223E3130E38081E68EA8E58AA8E995BFE6B19FE7BB8FE6B58EE5B8A6E58F91E5B195E5B7A5E4BD9CE4BC9AE8AEAE36E69C8839E697A5E59CA8E58C97E4BAACE58FACE5BC80E38082E5BCA0E9AB98E4B8BDE8A1A8E7A4BAEFBC8CE5AE9EE696BDE995BFE6B19FE7BB8FE6B58EE5B8A6E58F91E5B195E68898E795A5EFBC8CE698AFE4BBA5E4B9A0E8BF91E5B9B3E5908CE5BF97E4B8BAE6A0B8E5BF83E79A84E5859AE4B8ADE5A4AEE4BD9CE587BAE79A84E9878DE5A4A7E586B3E7AD96E983A8E7BDB2E38082E4B9A0E8BF91E5B9B3E680BBE4B9A6E8AEB0E5BCBAE8B083EFBC8C3C7370616E207374796C653D22746578742D6465636F726174696F6E3A20756E6465726C696E653B223E3C7374726F6E673EE68EA8E58AA8E995BFE6B19FE7BB8FE6B58EE5B8A6E58F91E5B195E5BF85E9A1BBE4BB8EE4B8ADE58D8EE6B091E6978FE995BFE8BF9CE588A9E79B8AE88083E89991EFBC8CE8B5B0E7949FE68081E4BC98E58588E38081E7BBBFE889B2E58F91E5B195E4B98BE8B7AFEFBC8CE68A8AE4BFAEE5A48DE995BFE6B19FE7949FE68081E78EAFE5A283E69186E59CA8E58E8BE58092E680A7E4BD8DE7BDAEEFBC8CE585B1E68A93E5A4A7E4BF9DE68AA4EFBC8CE4B88DE6909EE5A4A7E5BC80E58F91E38082E68891E4BBACE8A681E4BB8EE7BB8FE6B58EE7A4BEE4BC9AE58F91E5B195E585A8E5B180E587BAE58F91EFBC8CE68A8AE4BF9DE68AA4E5928CE4BFAEE5A48DE995BFE6B19FE7949FE68081E78EAFE5A283E69186E59CA8E9A696E8A681E4BD8DE7BDAEEFBC8CE58AAAE58A9BE68A8AE995BFE6B19FE7BB8FE6B58EE5B8A6E5BBBAE8AEBEE68890E4B8BAE68891E59BBDE7949FE68081E69687E6988EE5BBBAE8AEBEE79A84E58588E8A18CE7A4BAE88C83E5B8A6E38081E5889BE696B0E9A9B1E58AA8E5B8A6E38081E58D8FE8B083E58F91E5B195E5B8A63C2F7374726F6E673E3C2F7370616E3EE380823C2F703E3C70207374796C653D226D617267696E3A20387078203070783B2070616464696E673A203070783B20666F6E742D73697A653A20313670783B20636F6C6F723A20726762283130322C203130322C20313032293B20666F6E742D66616D696C793A202671756F743B4D6963726F736F66742059614865692671756F743B3B20666F6E742D7374796C653A206E6F726D616C3B20666F6E742D76617269616E742D6C69676174757265733A206E6F726D616C3B20666F6E742D76617269616E742D636170733A206E6F726D616C3B20666F6E742D7765696768743A206E6F726D616C3B206C65747465722D73706163696E673A206E6F726D616C3B206F727068616E733A20323B20746578742D616C69676E3A2073746172743B20746578742D696E64656E743A203070783B20746578742D7472616E73666F726D3A206E6F6E653B2077686974652D73706163653A206E6F726D616C3B207769646F77733A20323B20776F72642D73706163696E673A203070783B202D7765626B69742D746578742D7374726F6B652D77696474683A203070783B20746578742D6465636F726174696F6E2D7374796C653A20696E697469616C3B20746578742D6465636F726174696F6E2D636F6C6F723A20696E697469616C3B223E3131E38081E59BBDE5AEB6E7BB9FE8AEA1E5B18036E69C8839E697A5E58F91E5B883E79A84E585A8E59BBDE5B185E6B091E6B688E8B4B9E4BBB7E6A0BCE68C87E695B0EFBC88435049EFBC89E5928CE5B7A5E4B89AE7949FE4BAA7E88085E587BAE58E82E4BBB7E6A0BCE68C87E695B0EFBC88505049EFBC89E695B0E68DAEE698BEE7A4BAEFBC8C35E69C88435049E78EAFE6AF94E4B88BE9998D302E3125EFBC8CE5908CE6AF94E4B88AE6B6A8312E3525EFBC8CE5908CE6AF94E6B6A8E5B985E7BBA7E7BBADE689A9E5A4A7EFBC9B505049E78EAFE6AF94E4B88BE9998D302E3325EFBC8CE5908CE6AF94E4B88AE6B6A8352E3525EFBC8CE5908CE6AF94E6B6A8E5B985E7BBA7E7BBADE59B9EE890BDE380823C2F703E3C70207374796C653D226D617267696E3A20387078203070783B2070616464696E673A203070783B20666F6E742D73697A653A20313670783B20636F6C6F723A20726762283130322C203130322C20313032293B20666F6E742D66616D696C793A202671756F743B4D6963726F736F66742059614865692671756F743B3B20666F6E742D7374796C653A206E6F726D616C3B20666F6E742D76617269616E742D6C69676174757265733A206E6F726D616C3B20666F6E742D76617269616E742D636170733A206E6F726D616C3B20666F6E742D7765696768743A206E6F726D616C3B206C65747465722D73706163696E673A206E6F726D616C3B206F727068616E733A20323B20746578742D616C69676E3A2073746172743B20746578742D696E64656E743A203070783B20746578742D7472616E73666F726D3A206E6F6E653B2077686974652D73706163653A206E6F726D616C3B207769646F77733A20323B20776F72642D73706163696E673A203070783B202D7765626B69742D746578742D7374726F6B652D77696474683A203070783B20746578742D6465636F726174696F6E2D7374796C653A20696E697469616C3B20746578742D6465636F726174696F6E2D636F6C6F723A20696E697469616C3B223E3132E3808132303137E5B9B436E69C883130E697A5EFBC8C3C7370616E207374796C653D22746578742D6465636F726174696F6E3A20756E6465726C696E653B223E3C7374726F6E673EE4BD9CE4B8BAE4B8ADE59BBDE5A4A7E99986E6A0B8E794B5E79A84E58F91E6BA90E59CB0E28094E28094E7A7A6E5B1B1E6A0B8E794B5E59FBAE59CB0E5AE89E585A8E8BF90E8A18C313030E5A086E5B9B4EFBC88E4B880E5BAA7E6A0B8E58F8DE5BA94E5A086E8BF90E8A18CE4B880E5B9B4E4B8BAE4B880E5A086E5B9B4EFBC893C2F7374726F6E673E3C2F7370616E3EE38082E38080E4BB8EE8A2ABE8AA89E4B8BAE2809CE59BBDE4B98BE58589E88DA3E2809DE79A84E7A7A6E5B1B1E6A0B8E794B5E7AB9931393931E5B9B43132E69C883135E697A5E68A95E585A5E8BF90E8A18CE5BC80E5A78BEFBC8CE7A7A6E5B1B1E6A0B8E794B5E59FBAE59CB0E4B880E79BB4E4BF9DE68C81E5AE89E585A8E7A8B3E5AE9AE8BF90E8A18CEFBC8CE79BAEE5898DE5B7B2E7B4AFE8AEA1E5AE89E585A8E58F91E794B5E9878FE79BB8E5BD93E4BA8EE5B091E6B688E88097E6A087E58786E785A4E7BAA6312E3737E4BABFE590A8EFBC8CE5878FE68E92E4BA8CE6B0A7E58C96E7A2B3E7BAA6352E3435E4BABFE590A8E38081E4BA8CE6B0A7E58C96E7A1ABE7BAA63331322E35E4B887E590A8EFBC8CE6B0AEE6B0A7E58C96E789A9E7BAA63130352E3039E4B887E590A8E38082E7A7A6E5B1B1E6A0B8E794B5E59FBAE59CB0E79BAEE5898DE585B1E69C8939E58FB0E8BF90E8A18CE69CBAE7BB84EFBC8CE5B9B4E58F91E794B5E9878FE7BAA6353030E4BABFE58D83E793A6E697B6EFBC8CE698AFE79BAEE5898DE68891E59BBDE6A0B8E794B5E69CBAE7BB84E695B0E9878FE69C80E5A49AE38081E5A086E59E8BE59381E7A78DE69C80E4B8B0E5AF8CE38081E8A385E69CBAE5AEB9E9878FE69C80E5A4A7E79A84E6A0B8E794B5E59FBAE59CB0E380823C2F703E3C70207374796C653D226D617267696E3A20387078203070783B2070616464696E673A203070783B20666F6E742D73697A653A20313670783B20636F6C6F723A20726762283130322C203130322C20313032293B20666F6E742D66616D696C793A202671756F743B4D6963726F736F66742059614865692671756F743B3B20666F6E742D7374796C653A206E6F726D616C3B20666F6E742D76617269616E742D6C69676174757265733A206E6F726D616C3B20666F6E742D76617269616E742D636170733A206E6F726D616C3B20666F6E742D7765696768743A206E6F726D616C3B206C65747465722D73706163696E673A206E6F726D616C3B206F727068616E733A20323B20746578742D616C69676E3A2073746172743B20746578742D696E64656E743A203070783B20746578742D7472616E73666F726D3A206E6F6E653B2077686974652D73706163653A206E6F726D616C3B207769646F77733A20323B20776F72642D73706163696E673A203070783B202D7765626B69742D746578742D7374726F6B652D77696474683A203070783B20746578742D6465636F726174696F6E2D7374796C653A20696E697469616C3B20746578742D6465636F726174696F6E2D636F6C6F723A20696E697469616C3B223E3133E380813C7370616E207374796C653D22746578742D6465636F726174696F6E3A20756E6465726C696E653B223E3C7374726F6E673E32303137E5B9B436E69C883131E697A5E887B33137E697A5E698AFE7ACACE4BA8CE58D81E4B883E5B18AE585A8E59BBDE88A82E883BDE5AEA3E4BCA0E591A8E3808136E69C883133E697A5E698AFE7ACACE4BA94E4B8AAE4BD8EE7A2B3E697A53C2F7374726F6E673E3C2F7370616E3EE38082E5AEA3E4BCA0E591A8E69C9FE997B4EFBC8CE59084E59CB0E696B9E5928CE69C89E585B3E983A8E997A8E5B086E59BB4E7BB95E2809CE88A82E883BDE69C89E68891EFBC8CE7BBBFE889B2E585B1E4BAABE2809DE2809CE5B7A5E4B89AE4BD8EE7A2B3E58F91E5B195E2809DE79A84E4B8BBE9A298E4B8BEE8A18CE88A82E883BDE8BF9BE6A0A1E59BADE8BF9BE4BC81E4B89AE8BF9BE7A4BEE58CBAE38081E88A82E883BDE68A80E69CAFE68EA8E5B9BFE7AD89E6B4BBE58AA8E380823C2F703E3C703E3C62722F3E3C2F703E, '多多关注国家大事', '伍洋波', '2017-02-16 15:04:28', '1');
INSERT INTO `info` VALUES ('40287c815c9ad581015c9b2225c1001c', 'tzgg', '', '2017年才是经济最困难的一年', 0x3C70207374796C653D226D617267696E3A203070782030707820323570783B2070616464696E673A203070783B20746578742D696E64656E743A20323870783B20666F6E742D73697A653A20313470783B20636F6C6F723A207267622834332C2034332C203433293B20666F6E742D66616D696C793A2073696D73756E2C20617269616C2C2068656C7665746963612C20636C65616E2C2073616E732D73657269663B20666F6E742D7374796C653A206E6F726D616C3B20666F6E742D76617269616E742D6C69676174757265733A206E6F726D616C3B20666F6E742D76617269616E742D636170733A206E6F726D616C3B20666F6E742D7765696768743A206E6F726D616C3B206C65747465722D73706163696E673A206E6F726D616C3B206F727068616E733A20323B20746578742D7472616E73666F726D3A206E6F6E653B2077686974652D73706163653A206E6F726D616C3B207769646F77733A20323B20776F72642D73706163696E673A203070783B202D7765626B69742D746578742D7374726F6B652D77696474683A203070783B206261636B67726F756E642D636F6C6F723A20726762283235352C203235352C20323535293B20746578742D6465636F726174696F6E2D7374796C653A20696E697469616C3B20746578742D6465636F726174696F6E2D636F6C6F723A20696E697469616C3B20746578742D616C69676E3A2063656E7465723B223E3C696D672077696474683D2236303022206865696768743D2233333922207374796C653D22626F726465723A203070783B20646973706C61793A20626C6F636B3B206D617267696E3A20307078206175746F3B2220616C743D2222207372633D222F75656469746F722F6A73702F75706C6F61642F696D6167652F32303137303631322F313439373235313330313530393030383039312E6A7067222F3E3C2F703E3C70207374796C653D226D617267696E3A203070782030707820323570783B2070616464696E673A203070783B20746578742D696E64656E743A20323870783B20666F6E742D73697A653A20313470783B20636F6C6F723A207267622834332C2034332C203433293B20666F6E742D66616D696C793A2073696D73756E2C20617269616C2C2068656C7665746963612C20636C65616E2C2073616E732D73657269663B20666F6E742D7374796C653A206E6F726D616C3B20666F6E742D76617269616E742D6C69676174757265733A206E6F726D616C3B20666F6E742D76617269616E742D636170733A206E6F726D616C3B20666F6E742D7765696768743A206E6F726D616C3B206C65747465722D73706163696E673A206E6F726D616C3B206F727068616E733A20323B20746578742D616C69676E3A206C6566743B20746578742D7472616E73666F726D3A206E6F6E653B2077686974652D73706163653A206E6F726D616C3B207769646F77733A20323B20776F72642D73706163696E673A203070783B202D7765626B69742D746578742D7374726F6B652D77696474683A203070783B206261636B67726F756E642D636F6C6F723A20726762283235352C203235352C20323535293B20746578742D6465636F726174696F6E2D7374796C653A20696E697469616C3B20746578742D6465636F726174696F6E2D636F6C6F723A20696E697469616C3B223E266E6273703B3C2F703E3C70207374796C653D226D617267696E3A203070782030707820323570783B2070616464696E673A203070783B20746578742D696E64656E743A20323870783B20666F6E742D73697A653A20313470783B20636F6C6F723A207267622834332C2034332C203433293B20666F6E742D66616D696C793A2073696D73756E2C20617269616C2C2068656C7665746963612C20636C65616E2C2073616E732D73657269663B20666F6E742D7374796C653A206E6F726D616C3B20666F6E742D76617269616E742D6C69676174757265733A206E6F726D616C3B20666F6E742D76617269616E742D636170733A206E6F726D616C3B20666F6E742D7765696768743A206E6F726D616C3B206C65747465722D73706163696E673A206E6F726D616C3B206F727068616E733A20323B20746578742D616C69676E3A206C6566743B20746578742D7472616E73666F726D3A206E6F6E653B2077686974652D73706163653A206E6F726D616C3B207769646F77733A20323B20776F72642D73706163696E673A203070783B202D7765626B69742D746578742D7374726F6B652D77696474683A203070783B206261636B67726F756E642D636F6C6F723A20726762283235352C203235352C20323535293B20746578742D6465636F726174696F6E2D7374796C653A20696E697469616C3B20746578742D6465636F726174696F6E2D636F6C6F723A20696E697469616C3B223EE4BB8E32303136E588B032303137EFBC8CE4B896E7958CE7BB8FE6B58EE79A84E8B5B0E58ABFE4B88DE5AEB9E4B990E8A782E380823C2F703E3C70207374796C653D226D617267696E3A203070782030707820323570783B2070616464696E673A203070783B20746578742D696E64656E743A20323870783B20666F6E742D73697A653A20313470783B20636F6C6F723A207267622834332C2034332C203433293B20666F6E742D66616D696C793A2073696D73756E2C20617269616C2C2068656C7665746963612C20636C65616E2C2073616E732D73657269663B20666F6E742D7374796C653A206E6F726D616C3B20666F6E742D76617269616E742D6C69676174757265733A206E6F726D616C3B20666F6E742D76617269616E742D636170733A206E6F726D616C3B20666F6E742D7765696768743A206E6F726D616C3B206C65747465722D73706163696E673A206E6F726D616C3B206F727068616E733A20323B20746578742D616C69676E3A206C6566743B20746578742D7472616E73666F726D3A206E6F6E653B2077686974652D73706163653A206E6F726D616C3B207769646F77733A20323B20776F72642D73706163696E673A203070783B202D7765626B69742D746578742D7374726F6B652D77696474683A203070783B206261636B67726F756E642D636F6C6F723A20726762283235352C203235352C20323535293B20746578742D6465636F726174696F6E2D7374796C653A20696E697469616C3B20746578742D6465636F726174696F6E2D636F6C6F723A20696E697469616C3B223EE696872FE5BE90E791BE3C2F703E3C70207374796C653D226D617267696E3A203070782030707820323570783B2070616464696E673A203070783B20746578742D696E64656E743A20323870783B20666F6E742D73697A653A20313470783B20636F6C6F723A207267622834332C2034332C203433293B20666F6E742D66616D696C793A2073696D73756E2C20617269616C2C2068656C7665746963612C20636C65616E2C2073616E732D73657269663B20666F6E742D7374796C653A206E6F726D616C3B20666F6E742D76617269616E742D6C69676174757265733A206E6F726D616C3B20666F6E742D76617269616E742D636170733A206E6F726D616C3B20666F6E742D7765696768743A206E6F726D616C3B206C65747465722D73706163696E673A206E6F726D616C3B206F727068616E733A20323B20746578742D616C69676E3A206C6566743B20746578742D7472616E73666F726D3A206E6F6E653B2077686974652D73706163653A206E6F726D616C3B207769646F77733A20323B20776F72642D73706163696E673A203070783B202D7765626B69742D746578742D7374726F6B652D77696474683A203070783B206261636B67726F756E642D636F6C6F723A20726762283235352C203235352C20323535293B20746578742D6465636F726174696F6E2D7374796C653A20696E697469616C3B20746578742D6465636F726174696F6E2D636F6C6F723A20696E697469616C3B223EE5B9B4E5B9B4E5B281E5B281E88AB1E79BB8E4BCBCEFBC8CE5B9B4E5B9B4E5B281E5B281E4BABAE4B88DE5908CE38082E8BF99E8AFB4E79A84E4B88DE698AFE5B9B4E5A48DE4B880E5B9B4E79A84E889AFE8BEB0E7BE8EE699AFEFBC8CE8808CE698AFE6AF8FE5B9B4E79A84E7BB8FE6B58EE5BDA2E58ABFE380823C2F703E3C70207374796C653D226D617267696E3A203070782030707820323570783B2070616464696E673A203070783B20746578742D696E64656E743A20323870783B20666F6E742D73697A653A20313470783B20636F6C6F723A207267622834332C2034332C203433293B20666F6E742D66616D696C793A2073696D73756E2C20617269616C2C2068656C7665746963612C20636C65616E2C2073616E732D73657269663B20666F6E742D7374796C653A206E6F726D616C3B20666F6E742D76617269616E742D6C69676174757265733A206E6F726D616C3B20666F6E742D76617269616E742D636170733A206E6F726D616C3B20666F6E742D7765696768743A206E6F726D616C3B206C65747465722D73706163696E673A206E6F726D616C3B206F727068616E733A20323B20746578742D616C69676E3A206C6566743B20746578742D7472616E73666F726D3A206E6F6E653B2077686974652D73706163653A206E6F726D616C3B207769646F77733A20323B20776F72642D73706163696E673A203070783B202D7765626B69742D746578742D7374726F6B652D77696474683A203070783B206261636B67726F756E642D636F6C6F723A20726762283235352C203235352C20323535293B20746578742D6465636F726174696F6E2D7374796C653A20696E697469616C3B20746578742D6465636F726174696F6E2D636F6C6F723A20696E697469616C3B223EE4BA92E88194E7BD91E697B6E4BBA3EFBC8CE8AEA9E4B880E58887E58F91E8A880E983BDE8AEB0E5BD95E59CA8E6A188EFBC8CE4BDBFE6AF8FE4B8AAE7BB8FE6B58EE5ADA6E88085E79A84E8AFAFE588A4E983BDE79599E4B88BE4BA86E8AF81E68DAEE38082E2809C32303038E5B9B4E698AFE4B8ADE59BBDE7BB8FE6B58EE69C80E4B8BAE59BB0E99ABEE79A84E4B880E5B9B4E2809DE38081E2809C32303039E5B9B4E5B086E68890E4B8BAE4B8ADE59BBDE7BB8FE6B58EE69C80E59BB0E99ABEE79A84E4B880E5B9B4E2809DE38081E2809C32303130E5B9B4E698AFE4B8ADE59BBDE7BB8FE6B58EE69C80E59BB0E99ABEE79A84E4B880E5B9B4E2809DE38081E2809C32303131E5B9B4E698AFE4B8ADE59BBDE7BB8FE6B58EE69C80E59BB0E99ABEE69C80E5A48DE69D82E79A84E4B880E5B9B4E2809DE38081E2809C32303132E5B9B4E58FAFE883BDE698AFE69C80E59BB0E99ABEE4BD86E4B99FE69C80E69C89E5B88CE69C9BE79A84E4B880E5B9B4E2809DE38081E2809C32303133E5B9B4E58FAFE883BDE698AFE4B8ADE59BBDE69C80E59BB0E99ABEE79A84E4B880E5B9B4E2809DE38081E2809C32303134E5B9B4E5B086E698AFE69C80E59BB0E99ABEE4B880E5B9B4E2809DE38081E2809C32303135E5B9B4E698AFE4B8ADE59BBDE7BB8FE6B58EE8BF90E8A18CE79BB8E5AFB9E69C80E59BB0E99ABEE79A84E4B880E5B9B4E2809DE38081E2809C32303136E5B9B4E58FAFE883BDE698AFE69C80E59BB0E99ABEE4B880E5B9B4EFBC8CE5A4A7E5AEB6E8A681E58786E5A487E8BF87E88BA6E697A5E5AD90E2809DEFBC8CE7AD89E7AD89E380823C2F703E3C70207374796C653D226D617267696E3A203070782030707820323570783B2070616464696E673A203070783B20746578742D696E64656E743A20323870783B20666F6E742D73697A653A20313470783B20636F6C6F723A207267622834332C2034332C203433293B20666F6E742D66616D696C793A2073696D73756E2C20617269616C2C2068656C7665746963612C20636C65616E2C2073616E732D73657269663B20666F6E742D7374796C653A206E6F726D616C3B20666F6E742D76617269616E742D6C69676174757265733A206E6F726D616C3B20666F6E742D76617269616E742D636170733A206E6F726D616C3B20666F6E742D7765696768743A206E6F726D616C3B206C65747465722D73706163696E673A206E6F726D616C3B206F727068616E733A20323B20746578742D616C69676E3A206C6566743B20746578742D7472616E73666F726D3A206E6F6E653B2077686974652D73706163653A206E6F726D616C3B207769646F77733A20323B20776F72642D73706163696E673A203070783B202D7765626B69742D746578742D7374726F6B652D77696474683A203070783B206261636B67726F756E642D636F6C6F723A20726762283235352C203235352C20323535293B20746578742D6465636F726174696F6E2D7374796C653A20696E697469616C3B20746578742D6465636F726174696F6E2D636F6C6F723A20696E697469616C3B223EE8BF99E4BA9BE696ADE8AFADE587BAE887AAE4B88DE5908CE4BABAE7AD89EFBC8CE69C89E79A84E69DA5E887AAE5BA99E5A082E4B98BE9AB98E79A84E586B3E7AD96E6A0B8E5BF83EFBC8CE69C89E79A84E69DA5E887AAE69C89E698BEE8B5ABE5B1A5E58E86E79A84E6B5B7E5BD92E7BB8FE6B58EE5ADA6E5AEB6EFBC8CE69BB4E69C89E79A84E69DA5E887AAE6B19FE6B996E4B98BE8BF9CE79A84E88D89E6A0B9E4B893E5AEB6EFBC8CE78BACE7AB8BE69DA5E79C8BE983BDE8A880E4B98BE587BFE587BFEFBC8CE99B86E59088E8B5B7E69DA5E79C8BE58DB4E4BBA4E4BABAE697A0E68980E98082E4BB8EE38082E5A49AE5B9B4E4BBA5E69DA5EFBC8CE4B8ADE59BBDE7BB8FE6B58E474450E695B0E68DAEE4B98BE9AB98E8B6B3E4BBA5E4BFBEE580AAE5908CE4BEAAEFBC8CE587A0E4B98EE6AF8FE5B9B4E983BDE8AEA9E682B2E8A782E9A284E6B58BE79A84E4B893E5AEB6E4BBACE887AAE68993E598B4E5B7B4E380823C2F703E3C70207374796C653D226D617267696E3A203070782030707820323570783B2070616464696E673A203070783B20746578742D696E64656E743A20323870783B20666F6E742D73697A653A20313470783B20636F6C6F723A207267622834332C2034332C203433293B20666F6E742D66616D696C793A2073696D73756E2C20617269616C2C2068656C7665746963612C20636C65616E2C2073616E732D73657269663B20666F6E742D7374796C653A206E6F726D616C3B20666F6E742D76617269616E742D6C69676174757265733A206E6F726D616C3B20666F6E742D76617269616E742D636170733A206E6F726D616C3B20666F6E742D7765696768743A206E6F726D616C3B206C65747465722D73706163696E673A206E6F726D616C3B206F727068616E733A20323B20746578742D616C69676E3A206C6566743B20746578742D7472616E73666F726D3A206E6F6E653B2077686974652D73706163653A206E6F726D616C3B207769646F77733A20323B20776F72642D73706163696E673A203070783B202D7765626B69742D746578742D7374726F6B652D77696474683A203070783B206261636B67726F756E642D636F6C6F723A20726762283235352C203235352C20323535293B20746578742D6465636F726174696F6E2D7374796C653A20696E697469616C3B20746578742D6465636F726174696F6E2D636F6C6F723A20696E697469616C3B223EE5AFB9E8BF99E4BA9BE9A284E6B58BEFBC8CE4B88DE5B091E7BD91E58F8BE4BB8EE887AAE8BAABE6849FE58F97E4BAA6E4B88DE4BBA5E4B8BAE784B6EFBC8CE7BAB7E7BAB7E8A1A8E7A4BAE887AAE5B7B1E59CA8E2809CE69C80E59BB0E99ABEE2809DE79A84E587A0E5B9B4E4B8ADE58AA0E4BA86E896AAE38081E4B9B0E4BA86E688BFE38081E5889BE4BA86E4B89AEFBC8CE593AAE69DA5E59BB0E99ABEE4B98BE8AFB4EFBC9FE5AE8FE8A782E695B0E68DAEE4B88EE4B8AAE4BD93E5B7AEE5BC82E9B8BFE6B29FE4BD95E59CA8EFBC9FE698AFE4B893E5AEB6E79A84E5A4B1E8AFAFE8BF98E698AFE7BD91E58F8BE4BBACE79A84E5A4B1E784A6EFBC9F3C2F703E3C70207374796C653D226D617267696E3A203070782030707820323570783B2070616464696E673A203070783B20746578742D696E64656E743A20323870783B20666F6E742D73697A653A20313470783B20636F6C6F723A207267622834332C2034332C203433293B20666F6E742D66616D696C793A2073696D73756E2C20617269616C2C2068656C7665746963612C20636C65616E2C2073616E732D73657269663B20666F6E742D7374796C653A206E6F726D616C3B20666F6E742D76617269616E742D6C69676174757265733A206E6F726D616C3B20666F6E742D76617269616E742D636170733A206E6F726D616C3B20666F6E742D7765696768743A206E6F726D616C3B206C65747465722D73706163696E673A206E6F726D616C3B206F727068616E733A20323B20746578742D7472616E73666F726D3A206E6F6E653B2077686974652D73706163653A206E6F726D616C3B207769646F77733A20323B20776F72642D73706163696E673A203070783B202D7765626B69742D746578742D7374726F6B652D77696474683A203070783B206261636B67726F756E642D636F6C6F723A20726762283235352C203235352C20323535293B20746578742D6465636F726174696F6E2D7374796C653A20696E697469616C3B20746578742D6465636F726174696F6E2D636F6C6F723A20696E697469616C3B20746578742D616C69676E3A2063656E7465723B223E3C696D672077696474683D2236303022206865696768743D2233333722207374796C653D22626F726465723A203070783B20646973706C61793A20626C6F636B3B206D617267696E3A20307078206175746F3B2220616C743D2222207372633D222F75656469746F722F6A73702F75706C6F61642F696D6167652F32303137303631322F313439373235313330313936383031303139322E6A7067222F3E3C2F703E3C70207374796C653D226D617267696E3A203070782030707820323570783B2070616464696E673A203070783B20746578742D696E64656E743A20323870783B20666F6E742D73697A653A20313470783B20636F6C6F723A207267622834332C2034332C203433293B20666F6E742D66616D696C793A2073696D73756E2C20617269616C2C2068656C7665746963612C20636C65616E2C2073616E732D73657269663B20666F6E742D7374796C653A206E6F726D616C3B20666F6E742D76617269616E742D6C69676174757265733A206E6F726D616C3B20666F6E742D76617269616E742D636170733A206E6F726D616C3B20666F6E742D7765696768743A206E6F726D616C3B206C65747465722D73706163696E673A206E6F726D616C3B206F727068616E733A20323B20746578742D616C69676E3A206C6566743B20746578742D7472616E73666F726D3A206E6F6E653B2077686974652D73706163653A206E6F726D616C3B207769646F77733A20323B20776F72642D73706163696E673A203070783B202D7765626B69742D746578742D7374726F6B652D77696474683A203070783B206261636B67726F756E642D636F6C6F723A20726762283235352C203235352C20323535293B20746578742D6465636F726174696F6E2D7374796C653A20696E697469616C3B20746578742D6465636F726174696F6E2D636F6C6F723A20696E697469616C3B223E266E6273703B3C2F703E3C70207374796C653D226D617267696E3A203070782030707820323570783B2070616464696E673A203070783B20746578742D696E64656E743A20323870783B20666F6E742D73697A653A20313470783B20636F6C6F723A207267622834332C2034332C203433293B20666F6E742D66616D696C793A2073696D73756E2C20617269616C2C2068656C7665746963612C20636C65616E2C2073616E732D73657269663B20666F6E742D7374796C653A206E6F726D616C3B20666F6E742D76617269616E742D6C69676174757265733A206E6F726D616C3B20666F6E742D76617269616E742D636170733A206E6F726D616C3B20666F6E742D7765696768743A206E6F726D616C3B206C65747465722D73706163696E673A206E6F726D616C3B206F727068616E733A20323B20746578742D616C69676E3A206C6566743B20746578742D7472616E73666F726D3A206E6F6E653B2077686974652D73706163653A206E6F726D616C3B207769646F77733A20323B20776F72642D73706163696E673A203070783B202D7765626B69742D746578742D7374726F6B652D77696474683A203070783B206261636B67726F756E642D636F6C6F723A20726762283235352C203235352C20323535293B20746578742D6465636F726174696F6E2D7374796C653A20696E697469616C3B20746578742D6465636F726174696F6E2D636F6C6F723A20696E697469616C3B223E3130E69C88EFBC8CE7BB9FE8AEA1E5B180E5889DE6ADA5E6A0B8E7AE97EFBC8CE5898DE4B889E5ADA3E5BAA6E59BBDE58685E7949FE4BAA7E680BBE580BC353239393731E4BABFE58583EFBC8CE68C89E58FAFE6AF94E4BBB7E6A0BCE8AEA1E7AE97EFBC8CE5908CE6AF94E5A29EE995BF362E3725E38082E696B0E58D8EE7A4BEE79A84E4B880E4BBBDE68AA5E5918AE9A284E6B58BEFBC8C32303136E5B9B4E4B8ADE59BBDE5AE9EE99985E59BBDE58685E7949FE4BAA7E680BBE580BCEFBC88474450EFBC89E5B086E5A29EE995BF362E3633EFBC85E380823C2F703E3C70207374796C653D226D617267696E3A203070782030707820323570783B2070616464696E673A203070783B20746578742D696E64656E743A20323870783B20666F6E742D73697A653A20313470783B20636F6C6F723A207267622834332C2034332C203433293B20666F6E742D66616D696C793A2073696D73756E2C20617269616C2C2068656C7665746963612C20636C65616E2C2073616E732D73657269663B20666F6E742D7374796C653A206E6F726D616C3B20666F6E742D76617269616E742D6C69676174757265733A206E6F726D616C3B20666F6E742D76617269616E742D636170733A206E6F726D616C3B20666F6E742D7765696768743A206E6F726D616C3B206C65747465722D73706163696E673A206E6F726D616C3B206F727068616E733A20323B20746578742D616C69676E3A206C6566743B20746578742D7472616E73666F726D3A206E6F6E653B2077686974652D73706163653A206E6F726D616C3B207769646F77733A20323B20776F72642D73706163696E673A203070783B202D7765626B69742D746578742D7374726F6B652D77696474683A203070783B206261636B67726F756E642D636F6C6F723A20726762283235352C203235352C20323535293B20746578742D6465636F726174696F6E2D7374796C653A20696E697469616C3B20746578742D6465636F726174696F6E2D636F6C6F723A20696E697469616C3B223EE78EB0E4BBA3E4BABAE79A84E7949FE6B4BBE697B6E588BBE4B88EE98791E89E8DE58DB1E69CBAE5B9B6E5AD983C2F703E3C70207374796C653D226D617267696E3A203070782030707820323570783B2070616464696E673A203070783B20746578742D696E64656E743A20323870783B20666F6E742D73697A653A20313470783B20636F6C6F723A207267622834332C2034332C203433293B20666F6E742D66616D696C793A2073696D73756E2C20617269616C2C2068656C7665746963612C20636C65616E2C2073616E732D73657269663B20666F6E742D7374796C653A206E6F726D616C3B20666F6E742D76617269616E742D6C69676174757265733A206E6F726D616C3B20666F6E742D76617269616E742D636170733A206E6F726D616C3B20666F6E742D7765696768743A206E6F726D616C3B206C65747465722D73706163696E673A206E6F726D616C3B206F727068616E733A20323B20746578742D616C69676E3A206C6566743B20746578742D7472616E73666F726D3A206E6F6E653B2077686974652D73706163653A206E6F726D616C3B207769646F77733A20323B20776F72642D73706163696E673A203070783B202D7765626B69742D746578742D7374726F6B652D77696474683A203070783B206261636B67726F756E642D636F6C6F723A20726762283235352C203235352C20323535293B20746578742D6465636F726174696F6E2D7374796C653A20696E697469616C3B20746578742D6465636F726174696F6E2D636F6C6F723A20696E697469616C3B223EE59CA8E5A48DE69D82E79A84E78EB0E8B1A1E99DA2E5898DEFBC8CE69C89E697B6E58099E98080E5908EE4B880E6ADA5EFBC8CE58FAFE4BBA5E79C8BE6B885E58E86E58FB2E79A84E88489E7BB9CE38082E4BB8E31393738E5B9B4E5BC80E5A78BEFBC8CE4B8ADE59BBDE9878DE696B0E59B9EE5BD92E4B896E7958CE7BB8FE6B58EEFBC8CE5A682E4BD95E6A2B3E79086E585B6E5908EE4B8ADE59BBDE7BB8FE6B58EE79A84E585A8E8B28CEFBC9F3C2F703E3C70207374796C653D226D617267696E3A203070782030707820323570783B2070616464696E673A203070783B20746578742D696E64656E743A20323870783B20666F6E742D73697A653A20313470783B20636F6C6F723A207267622834332C2034332C203433293B20666F6E742D66616D696C793A2073696D73756E2C20617269616C2C2068656C7665746963612C20636C65616E2C2073616E732D73657269663B20666F6E742D7374796C653A206E6F726D616C3B20666F6E742D76617269616E742D6C69676174757265733A206E6F726D616C3B20666F6E742D76617269616E742D636170733A206E6F726D616C3B20666F6E742D7765696768743A206E6F726D616C3B206C65747465722D73706163696E673A206E6F726D616C3B206F727068616E733A20323B20746578742D616C69676E3A206C6566743B20746578742D7472616E73666F726D3A206E6F6E653B2077686974652D73706163653A206E6F726D616C3B207769646F77733A20323B20776F72642D73706163696E673A203070783B202D7765626B69742D746578742D7374726F6B652D77696474683A203070783B206261636B67726F756E642D636F6C6F723A20726762283235352C203235352C20323535293B20746578742D6465636F726174696F6E2D7374796C653A20696E697469616C3B20746578742D6465636F726174696F6E2D636F6C6F723A20696E697469616C3B223EE4B8ADE59BBDE7BB8FE6B58EE4B889E58D81E5B9B4E69DA5E4BF9DE68C81E4B8A4E4BD8DE695B0E5A29EE995BFEFBC8CE585B6E7BAAAE5BD95E5A0AAE7A7B0E5A587E8BFB9EFBC8CE784B6E8808CE6B7B1E7A9B6E69CACE8B4A8EFBC8CE4B99FE7ACA6E59088E7BB8FE6B58EE5ADA6E58E9FE79086E38082E68B99E89197E3808AE4B8ADE59BBDE7BB8FE6B58EE6808EE4B988E4BA86E3808BE69BBEE7BB8FE58897E4B8BEE4B8ADE59BBDE69585E4BA8BE8838CE5908EE79A84E4B889E9878DE7BAA2E588A9E380823C2F703E3C70207374796C653D226D617267696E3A203070782030707820323570783B2070616464696E673A203070783B20746578742D696E64656E743A20323870783B20666F6E742D73697A653A20313470783B20636F6C6F723A207267622834332C2034332C203433293B20666F6E742D66616D696C793A2073696D73756E2C20617269616C2C2068656C7665746963612C20636C65616E2C2073616E732D73657269663B20666F6E742D7374796C653A206E6F726D616C3B20666F6E742D76617269616E742D6C69676174757265733A206E6F726D616C3B20666F6E742D76617269616E742D636170733A206E6F726D616C3B20666F6E742D7765696768743A206E6F726D616C3B206C65747465722D73706163696E673A206E6F726D616C3B206F727068616E733A20323B20746578742D616C69676E3A206C6566743B20746578742D7472616E73666F726D3A206E6F6E653B2077686974652D73706163653A206E6F726D616C3B207769646F77733A20323B20776F72642D73706163696E673A203070783B202D7765626B69742D746578742D7374726F6B652D77696474683A203070783B206261636B67726F756E642D636F6C6F723A20726762283235352C203235352C20323535293B20746578742D6465636F726174696F6E2D7374796C653A20696E697469616C3B20746578742D6465636F726174696F6E2D636F6C6F723A20696E697469616C3B223EE9A696E58588E59CA8E4BA8EE694B9E99DA9E7BAA2E588A9EFBC8CE4BD93E588B6E694B9E99DA9E9878AE694BEE4BD93E588B6E6B4BBE58A9BEFBC8CE8BF99E4BDBFE5BE97E4BABFE4B887E6B091E4BC97E58FAFE4BBA5E68A95E8BAABE4BA8EE7949FE4BAA7E680A7E5B7A5E4BD9CEFBC9BE585B6E6ACA1E59CA8E4BA8EE4BABAE58FA3E7BAA2E588A9EFBC8CE9878AE694BEE5889BE980A0E58A9BE79A84E5B882E59CBAE69CBAE588B6E681B0E980A2E5869CE69D91E69C89E6BA90E6BA90E4B88DE696ADE79A84E997B2E7BDAEE58AB3E58AA8E58A9BE58FAFE4BBA5E68F90E4BE9BEFBC8CE4BF9DE8AF81E4BA86E4B8ADE59BBDE588B6E980A0E79A84E5BB89E4BBB7EFBC8CE8B6B3E4BBA5E6A8AAE689ABE4B896E7958CE5B882E59CBAEFBC9BE69C80E5908EE59CA8E4BA8EE5BC80E694BEE7BAA2E588A9EFBC8CE69C89E4BA86E5B882E59CBAE69CBAE588B6EFBC8CE69C89E4BA86E58AB3E58AA8E58A9BEFBC8CE982A3E4B988E4BAA7E59381E593AAE9878CE58EBBE591A2EFBC9FE58AA0E585A5E4B896E8B4B8E8BF99E4B880E9A1BAE9A38EE8BDA6EFBC8CE4B88DE4BB85E4BDBFE5BE97E4B8ADE59BBDE4BAA7E59381E58FAFE4BBA5E8BF9BE585A5E585A8E79083E5B882E59CBAEFBC8CE5908CE697B6E4B8ADE59BBDE58FAFE4BBA5E8BF85E9809FE4B88EE4B896E7958CE585A8E99DA2E68EA5E8A7A6EFBC8CE5BFABE9809FE5ADA6E4B9A0E696B0E68A80E69CAFE696B0E79086E5BFB5E380823C2F703E3C70207374796C653D226D617267696E3A203070782030707820323570783B2070616464696E673A203070783B20746578742D696E64656E743A20323870783B20666F6E742D73697A653A20313470783B20636F6C6F723A207267622834332C2034332C203433293B20666F6E742D66616D696C793A2073696D73756E2C20617269616C2C2068656C7665746963612C20636C65616E2C2073616E732D73657269663B20666F6E742D7374796C653A206E6F726D616C3B20666F6E742D76617269616E742D6C69676174757265733A206E6F726D616C3B20666F6E742D76617269616E742D636170733A206E6F726D616C3B20666F6E742D7765696768743A206E6F726D616C3B206C65747465722D73706163696E673A206E6F726D616C3B206F727068616E733A20323B20746578742D616C69676E3A206C6566743B20746578742D7472616E73666F726D3A206E6F6E653B2077686974652D73706163653A206E6F726D616C3B207769646F77733A20323B20776F72642D73706163696E673A203070783B202D7765626B69742D746578742D7374726F6B652D77696474683A203070783B206261636B67726F756E642D636F6C6F723A20726762283235352C203235352C20323535293B20746578742D6465636F726174696F6E2D7374796C653A20696E697469616C3B20746578742D6465636F726174696F6E2D636F6C6F723A20696E697469616C3B223EE4BB8EE4B89CE8A5BFE696B9E58F91E5B195E8B7AFE5BE84E6AF94E8BE83EFBC8CE68891E4BBACE58FAFE4BBA5E58F91E78EB0E69BB4E5A4A7E79A84E59BBEE699AFEFBC8CE4B8ADE59BBDE5A587E8BFB9E585B6E5AE9EE5B9B6E4B88DE7AE97E696B0E9B29CE38082E4B8ADE59BBDE8BF87E5BE80E79A84E7BB8FE6B58EE58F91E5B195E585B6E5AE9EE5BBB6E7BBADE4BA86E696B0E585B4E59BBDE5AEB6E5B0A4E585B6E698AFE4BA9AE6B4B2E696B0E585B4E59BBDE5AEB6E79A84E58F91E5B195E8B7AFE5BE84EFBC8CE8808C3230E4B896E7BAAAE5908EE58D8AE58FB6E79A84E7BB8FE6B58EE8B68BE58ABFEFBC8CE59FBAE69CACE4B88AE698AFE696B0E585B4E59BBDE5AEB6E8BFBDE8B5B6E58F91E5B195E59BBDE5AEB6E79A84E69585E4BA8BE380823C2F703E3C70207374796C653D226D617267696E3A203070782030707820323570783B2070616464696E673A203070783B20746578742D696E64656E743A20323870783B20666F6E742D73697A653A20313470783B20636F6C6F723A207267622834332C2034332C203433293B20666F6E742D66616D696C793A2073696D73756E2C20617269616C2C2068656C7665746963612C20636C65616E2C2073616E732D73657269663B20666F6E742D7374796C653A206E6F726D616C3B20666F6E742D76617269616E742D6C69676174757265733A206E6F726D616C3B20666F6E742D76617269616E742D636170733A206E6F726D616C3B20666F6E742D7765696768743A206E6F726D616C3B206C65747465722D73706163696E673A206E6F726D616C3B206F727068616E733A20323B20746578742D616C69676E3A206C6566743B20746578742D7472616E73666F726D3A206E6F6E653B2077686974652D73706163653A206E6F726D616C3B207769646F77733A20323B20776F72642D73706163696E673A203070783B202D7765626B69742D746578742D7374726F6B652D77696474683A203070783B206261636B67726F756E642D636F6C6F723A20726762283235352C203235352C20323535293B20746578742D6465636F726174696F6E2D7374796C653A20696E697469616C3B20746578742D6465636F726174696F6E2D636F6C6F723A20696E697469616C3B223EE6A0B9E68DAEE7BB8FE6B58EE58FB2E5ADA6E5AEB6E695B0E68DAEEFBC8CE585ACE5858331303030E5B9B4EFBC8CE4BA9AE6B4B2EFBC88E4B88DE590ABE697A5E69CACEFBC89E694B6E585A5E58DA0E585A8E79083474450E4B889E58886E4B98BE4BA8CE4BBA5E4B88AEFBC8CE8A5BFE6ACA7E4B88DE588B03925EFBC9B31383230E5B9B4EFBC8CE4BA9AE6B4B2E4B8BA353625EFBC8CE8A5BFE6ACA7E4B8BA323425EFBC8CE8808CE588B0E4BA8631393938E5B9B4EFBC8CE4BA9AE6B4B2E4B8BA333025EFBC8CE8A5BFE6ACA7E58F8AE585B6E8A18DE7949FE59BBDEFBC88E5A682E7BE8EE59BBDE7AD89EFBC89E58899E4B8BA343625E38082E4B88DE4BB85E5A682E6ADA4EFBC8CE68C89E785A7E69C80E4B990E8A782E79A84E4BCB0E7AE97EFBC8CE4B99FE698AFE79BB8E5AFB9E69D83E5A881E79A84E4B896E7958CE993B6E8A18CE79A84E4BCB0E8AEA1EFBC8CE4BBA5E8B4ADE4B9B0E58A9BE5B9B3E4BBB7E8AEA1E7AE97EFBC8CE4B8ADE59BBDE7BB8FE6B58EE680BBE9878FE59CA832303134E5B9B4E5B7B2E7BB8FE8B685E8BF87E7BE8EE59BBDE380823C2F703E3C70207374796C653D226D617267696E3A203070782030707820323570783B2070616464696E673A203070783B20746578742D696E64656E743A20323870783B20666F6E742D73697A653A20313470783B20636F6C6F723A207267622834332C2034332C203433293B20666F6E742D66616D696C793A2073696D73756E2C20617269616C2C2068656C7665746963612C20636C65616E2C2073616E732D73657269663B20666F6E742D7374796C653A206E6F726D616C3B20666F6E742D76617269616E742D6C69676174757265733A206E6F726D616C3B20666F6E742D76617269616E742D636170733A206E6F726D616C3B20666F6E742D7765696768743A206E6F726D616C3B206C65747465722D73706163696E673A206E6F726D616C3B206F727068616E733A20323B20746578742D7472616E73666F726D3A206E6F6E653B2077686974652D73706163653A206E6F726D616C3B207769646F77733A20323B20776F72642D73706163696E673A203070783B202D7765626B69742D746578742D7374726F6B652D77696474683A203070783B206261636B67726F756E642D636F6C6F723A20726762283235352C203235352C20323535293B20746578742D6465636F726174696F6E2D7374796C653A20696E697469616C3B20746578742D6465636F726174696F6E2D636F6C6F723A20696E697469616C3B20746578742D616C69676E3A2063656E7465723B223E3C696D672077696474683D2236303022206865696768743D2233383522207374796C653D22626F726465723A203070783B20646973706C61793A20626C6F636B3B206D617267696E3A20307078206175746F3B2220616C743D2222207372633D222F75656469746F722F6A73702F75706C6F61642F696D6167652F32303137303631322F313439373235313330323138353034303530392E6A7067222F3E3C2F703E3C70207374796C653D226D617267696E3A203070782030707820323570783B2070616464696E673A203070783B20746578742D696E64656E743A20323870783B20666F6E742D73697A653A20313470783B20636F6C6F723A207267622834332C2034332C203433293B20666F6E742D66616D696C793A2073696D73756E2C20617269616C2C2068656C7665746963612C20636C65616E2C2073616E732D73657269663B20666F6E742D7374796C653A206E6F726D616C3B20666F6E742D76617269616E742D6C69676174757265733A206E6F726D616C3B20666F6E742D76617269616E742D636170733A206E6F726D616C3B20666F6E742D7765696768743A206E6F726D616C3B206C65747465722D73706163696E673A206E6F726D616C3B206F727068616E733A20323B20746578742D616C69676E3A206C6566743B20746578742D7472616E73666F726D3A206E6F6E653B2077686974652D73706163653A206E6F726D616C3B207769646F77733A20323B20776F72642D73706163696E673A203070783B202D7765626B69742D746578742D7374726F6B652D77696474683A203070783B206261636B67726F756E642D636F6C6F723A20726762283235352C203235352C20323535293B20746578742D6465636F726174696F6E2D7374796C653A20696E697469616C3B20746578742D6465636F726174696F6E2D636F6C6F723A20696E697469616C3B223E266E6273703B3C2F703E3C70207374796C653D226D617267696E3A203070782030707820323570783B2070616464696E673A203070783B20746578742D696E64656E743A20323870783B20666F6E742D73697A653A20313470783B20636F6C6F723A207267622834332C2034332C203433293B20666F6E742D66616D696C793A2073696D73756E2C20617269616C2C2068656C7665746963612C20636C65616E2C2073616E732D73657269663B20666F6E742D7374796C653A206E6F726D616C3B20666F6E742D76617269616E742D6C69676174757265733A206E6F726D616C3B20666F6E742D76617269616E742D636170733A206E6F726D616C3B20666F6E742D7765696768743A206E6F726D616C3B206C65747465722D73706163696E673A206E6F726D616C3B206F727068616E733A20323B20746578742D616C69676E3A206C6566743B20746578742D7472616E73666F726D3A206E6F6E653B2077686974652D73706163653A206E6F726D616C3B207769646F77733A20323B20776F72642D73706163696E673A203070783B202D7765626B69742D746578742D7374726F6B652D77696474683A203070783B206261636B67726F756E642D636F6C6F723A20726762283235352C203235352C20323535293B20746578742D6465636F726174696F6E2D7374796C653A20696E697469616C3B20746578742D6465636F726174696F6E2D636F6C6F723A20696E697469616C3B223EE3808AE7BB8FE6B58EE5ADA6E4BABAE3808BE79A84E9A284E6B58BE8BE83E4B8BAE4BF9DE5AE88EFBC8CE4BCB0E8AEA1E4B8ADE59BBDE7BB8FE6B58EE680BBE9878FE58FAFE883BDE4BC9AE59CA832303330E5B9B4E8B5B6E4B88AE7BE8EE59BBDE380823C2F703E3C70207374796C653D226D617267696E3A203070782030707820323570783B2070616464696E673A203070783B20746578742D696E64656E743A20323870783B20666F6E742D73697A653A20313470783B20636F6C6F723A207267622834332C2034332C203433293B20666F6E742D66616D696C793A2073696D73756E2C20617269616C2C2068656C7665746963612C20636C65616E2C2073616E732D73657269663B20666F6E742D7374796C653A206E6F726D616C3B20666F6E742D76617269616E742D6C69676174757265733A206E6F726D616C3B20666F6E742D76617269616E742D636170733A206E6F726D616C3B20666F6E742D7765696768743A206E6F726D616C3B206C65747465722D73706163696E673A206E6F726D616C3B206F727068616E733A20323B20746578742D616C69676E3A206C6566743B20746578742D7472616E73666F726D3A206E6F6E653B2077686974652D73706163653A206E6F726D616C3B207769646F77733A20323B20776F72642D73706163696E673A203070783B202D7765626B69742D746578742D7374726F6B652D77696474683A203070783B206261636B67726F756E642D636F6C6F723A20726762283235352C203235352C20323535293B20746578742D6465636F726174696F6E2D7374796C653A20696E697469616C3B20746578742D6465636F726174696F6E2D636F6C6F723A20696E697469616C3B223EE7BAB5E784B6E8B4ADE4B9B0E58A9BE5B9B3E4BBB7E4B88DE8BF87E698AFE7BB9FE8AEA1E79A84E6B8B8E6888FEFBC8CE4BD86E698AFE2809CE4B8ADE59BBDE7ACACE4B880E2809DE79A84E58FA3E58FB7E5A78BE7BB88E4BBA4E4BABAE5BF83E9A9B0E7A59EE5BE80EFBC8CE4B99FE4BBA4E4BABAE683B3E588B0E4BA86E4B88AE4B896E7BAAA3830E5B9B4E4BBA3E9AB98E591BCE2809CE697A5E69CACE7ACACE4B880E2809DE79A84E697A5E69CACE38082E4BA8BE5AE9EE4B88AEFBC8CE4B8ADE59BBDE5928CE697A5E69CACE59CA8E4BE9DE8B596E993B6E8A18CE4BFA1E8B4B7E5BB89E4BBB7E89E8DE8B584E8BF9BE8A18CE68A95E8B584E68B89E58AA8E7BB8FE6B58EE79A84E6A8A1E5BC8FE4B99FE5BE88E68EA5E8BF91E38082E58DB3E4BDBFE59CA832303038E5B9B4E98791E89E8DE58DB1E69CBAE99DA2E5898DEFBC8CE59084E59BBDE8BF9BE585A5E7BB8FE6B58EE8A1B0E98080EFBC8CE4B8ADE59BBDE58DB4E4BB8DE697A7E4BBA5E5A4A7E6898BE7AC94E79A84E2809CE59B9BE4B887E4BABFE2809DE4B880E68FBDE5AD90E68A95E8B584EFBC8CE4BDBFE5BE97E4B8ADE59BBDE7BB8FE6B58EE59188E78EB0E2809C56E2809DE59E8BE58F8DE5BCB9EFBC8CE69882E784B6E4BA8EE585A8E79083E79A84E4B880E78987E59380E9B8BFE380823C2F703E3C70207374796C653D226D617267696E3A203070782030707820323570783B2070616464696E673A203070783B20746578742D696E64656E743A20323870783B20666F6E742D73697A653A20313470783B20636F6C6F723A207267622834332C2034332C203433293B20666F6E742D66616D696C793A2073696D73756E2C20617269616C2C2068656C7665746963612C20636C65616E2C2073616E732D73657269663B20666F6E742D7374796C653A206E6F726D616C3B20666F6E742D76617269616E742D6C69676174757265733A206E6F726D616C3B20666F6E742D76617269616E742D636170733A206E6F726D616C3B20666F6E742D7765696768743A206E6F726D616C3B206C65747465722D73706163696E673A206E6F726D616C3B206F727068616E733A20323B20746578742D616C69676E3A206C6566743B20746578742D7472616E73666F726D3A206E6F6E653B2077686974652D73706163653A206E6F726D616C3B207769646F77733A20323B20776F72642D73706163696E673A203070783B202D7765626B69742D746578742D7374726F6B652D77696474683A203070783B206261636B67726F756E642D636F6C6F723A20726762283235352C203235352C20323535293B20746578742D6465636F726174696F6E2D7374796C653A20696E697469616C3B20746578742D6465636F726174696F6E2D636F6C6F723A20696E697469616C3B223EE78EB0E4BBA3E7BB8FE6B58EE698AFE4BFA1E8B4B7E7BB8FE6B58EEFBC8CE4BFA1E8B4B7E7BB8FE6B58EE6848FE591B3E79D80E98791E89E8DE6B897E9808FE585A5E7BB8FE6B58EE79A84E696B9E696B9E99DA2E99DA2EFBC8CE6ADA3E59BA0E5A682E6ADA4EFBC8CE78EB0E4BBA3E4BABAE79A84E7949FE6B4BBE697B6E588BBE4B88EE98791E89E8DE58DB1E69CBAE5B9B6E5AD98E380823C2F703E3C70207374796C653D226D617267696E3A203070782030707820323570783B2070616464696E673A203070783B20746578742D696E64656E743A20323870783B20666F6E742D73697A653A20313470783B20636F6C6F723A207267622834332C2034332C203433293B20666F6E742D66616D696C793A2073696D73756E2C20617269616C2C2068656C7665746963612C20636C65616E2C2073616E732D73657269663B20666F6E742D7374796C653A206E6F726D616C3B20666F6E742D76617269616E742D6C69676174757265733A206E6F726D616C3B20666F6E742D76617269616E742D636170733A206E6F726D616C3B20666F6E742D7765696768743A206E6F726D616C3B206C65747465722D73706163696E673A206E6F726D616C3B206F727068616E733A20323B20746578742D616C69676E3A206C6566743B20746578742D7472616E73666F726D3A206E6F6E653B2077686974652D73706163653A206E6F726D616C3B207769646F77733A20323B20776F72642D73706163696E673A203070783B202D7765626B69742D746578742D7374726F6B652D77696474683A203070783B206261636B67726F756E642D636F6C6F723A20726762283235352C203235352C20323535293B20746578742D6465636F726174696F6E2D7374796C653A20696E697469616C3B20746578742D6465636F726174696F6E2D636F6C6F723A20696E697469616C3B223EE5A682E6ADA4E8838CE699AFE4B88BEFBC8CE4B8BAE4BB80E4B988E2809CE69C80E59BB0E99ABEE2809DE4B98BE5A3B0E99FB3E4BB8EE69CAAE8BF9CE7A6BBE4B8ADE59BBDE7BB8FE6B58EEFBC9FE68DA2E8808CE8A880E4B98BEFBC8CE8BF87E58EBBE58D81E4BD99E5B9B4E698AFE4B8ADE59BBDE7BB8FE6B58EE58E86E58FB2E4B88AE79A84E9BB84E98791E697B6E4BBA3EFBC8CE982A3E4B988E5A682E4BD95E79086E8A7A3E5BE88E58FAFE883BDE58DB3E5B086E8808CE69DA5E79A84E2809CE9BB91E99381E697B6E4BBA3E2809DEFBC8CE7949AE887B3E69C89E58FAFE883BDE58F91E7949FE79A84E98791E89E8DE99C87E88DA1EFBC9F3C2F703E3C70207374796C653D226D617267696E3A203070782030707820323570783B2070616464696E673A203070783B20746578742D696E64656E743A20323870783B20666F6E742D73697A653A20313470783B20636F6C6F723A207267622834332C2034332C203433293B20666F6E742D66616D696C793A2073696D73756E2C20617269616C2C2068656C7665746963612C20636C65616E2C2073616E732D73657269663B20666F6E742D7374796C653A206E6F726D616C3B20666F6E742D76617269616E742D6C69676174757265733A206E6F726D616C3B20666F6E742D76617269616E742D636170733A206E6F726D616C3B20666F6E742D7765696768743A206E6F726D616C3B206C65747465722D73706163696E673A206E6F726D616C3B206F727068616E733A20323B20746578742D7472616E73666F726D3A206E6F6E653B2077686974652D73706163653A206E6F726D616C3B207769646F77733A20323B20776F72642D73706163696E673A203070783B202D7765626B69742D746578742D7374726F6B652D77696474683A203070783B206261636B67726F756E642D636F6C6F723A20726762283235352C203235352C20323535293B20746578742D6465636F726174696F6E2D7374796C653A20696E697469616C3B20746578742D6465636F726174696F6E2D636F6C6F723A20696E697469616C3B20746578742D616C69676E3A2063656E7465723B223E3C696D672077696474683D2236303022206865696768743D2234313722207374796C653D22626F726465723A203070783B20646973706C61793A20626C6F636B3B206D617267696E3A20307078206175746F3B2220616C743D2222207372633D222F75656469746F722F6A73702F75706C6F61642F696D6167652F32303137303631322F313439373235313330323335383031383335392E6A7067222F3E3C2F703E3C70207374796C653D226D617267696E3A203070782030707820323570783B2070616464696E673A203070783B20746578742D696E64656E743A20323870783B20666F6E742D73697A653A20313470783B20636F6C6F723A207267622834332C2034332C203433293B20666F6E742D66616D696C793A2073696D73756E2C20617269616C2C2068656C7665746963612C20636C65616E2C2073616E732D73657269663B20666F6E742D7374796C653A206E6F726D616C3B20666F6E742D76617269616E742D6C69676174757265733A206E6F726D616C3B20666F6E742D76617269616E742D636170733A206E6F726D616C3B20666F6E742D7765696768743A206E6F726D616C3B206C65747465722D73706163696E673A206E6F726D616C3B206F727068616E733A20323B20746578742D7472616E73666F726D3A206E6F6E653B2077686974652D73706163653A206E6F726D616C3B207769646F77733A20323B20776F72642D73706163696E673A203070783B202D7765626B69742D746578742D7374726F6B652D77696474683A203070783B206261636B67726F756E642D636F6C6F723A20726762283235352C203235352C20323535293B20746578742D6465636F726174696F6E2D7374796C653A20696E697469616C3B20746578742D6465636F726174696F6E2D636F6C6F723A20696E697469616C3B20746578742D616C69676E3A2063656E7465723B223E32303135E5B9B43131E69C88EFBC8CE59490E5B1B1EFBC8CE4B880E5908DE5B7A5E4BABAE7BB8FE8BF87E5A086E7A7AFE5A682E5B1B1E79A84E992A2E7AEA1E69781E38082E59BBE2F526575746572733C2F703E3C70207374796C653D226D617267696E3A203070782030707820323570783B2070616464696E673A203070783B20746578742D696E64656E743A20323870783B20666F6E742D73697A653A20313470783B20636F6C6F723A207267622834332C2034332C203433293B20666F6E742D66616D696C793A2073696D73756E2C20617269616C2C2068656C7665746963612C20636C65616E2C2073616E732D73657269663B20666F6E742D7374796C653A206E6F726D616C3B20666F6E742D76617269616E742D6C69676174757265733A206E6F726D616C3B20666F6E742D76617269616E742D636170733A206E6F726D616C3B20666F6E742D7765696768743A206E6F726D616C3B206C65747465722D73706163696E673A206E6F726D616C3B206F727068616E733A20323B20746578742D616C69676E3A206C6566743B20746578742D7472616E73666F726D3A206E6F6E653B2077686974652D73706163653A206E6F726D616C3B207769646F77733A20323B20776F72642D73706163696E673A203070783B202D7765626B69742D746578742D7374726F6B652D77696474683A203070783B206261636B67726F756E642D636F6C6F723A20726762283235352C203235352C20323535293B20746578742D6465636F726174696F6E2D7374796C653A20696E697469616C3B20746578742D6465636F726174696F6E2D636F6C6F723A20696E697469616C3B223EE587A1E4BA8BE983BDE69C89E68890E69CACEFBC8CE8BF99E698AFE7BB8FE6B58EE5ADA6E79A84E7ACACE4B880E8AFBEE38082E7BC94E980A0E4B8ADE59BBDE5A587E8BFB9E79A84E4B889E9878DE7BAA2E588A9E5B9B6E99D9EE4B880E58AB3E6B0B8E980B8EFBC8CE99A8FE79D80E4B8ADE59BBDE79A84E58898E69893E696AFE68B90E782B9E4B8B4E8BF91EFBC8CE588B6E5BAA6E694B9E99DA9E4B99FE6ADA5E585A5E6B7B1E6B0B4E58CBAEFBC8CE4B8ADE59BBDE68890E69CACE4BC98E58ABFE4B88DE5A48DE5BE80E697A5EFBC8CE7BAA2E588A9E98090E6B890E98080E58C96E7949AE887B3E8B5B0E59091E58F8DE99DA2E380823C2F703E3C70207374796C653D226D617267696E3A203070782030707820323570783B2070616464696E673A203070783B20746578742D696E64656E743A20323870783B20666F6E742D73697A653A20313470783B20636F6C6F723A207267622834332C2034332C203433293B20666F6E742D66616D696C793A2073696D73756E2C20617269616C2C2068656C7665746963612C20636C65616E2C2073616E732D73657269663B20666F6E742D7374796C653A206E6F726D616C3B20666F6E742D76617269616E742D6C69676174757265733A206E6F726D616C3B20666F6E742D76617269616E742D636170733A206E6F726D616C3B20666F6E742D7765696768743A206E6F726D616C3B206C65747465722D73706163696E673A206E6F726D616C3B206F727068616E733A20323B20746578742D616C69676E3A206C6566743B20746578742D7472616E73666F726D3A206E6F6E653B2077686974652D73706163653A206E6F726D616C3B207769646F77733A20323B20776F72642D73706163696E673A203070783B202D7765626B69742D746578742D7374726F6B652D77696474683A203070783B206261636B67726F756E642D636F6C6F723A20726762283235352C203235352C20323535293B20746578742D6465636F726174696F6E2D7374796C653A20696E697469616C3B20746578742D6465636F726174696F6E2D636F6C6F723A20696E697469616C3B223EE4B8ADE59BBDE7BB8FE6B58EE4BA9FE99C80E696B0E79A84E58F91E5B195E58AA8E58A9BEFBC8CE8BF99E58DB4E4B88DE698AFE79FADE69C9FE58685E58FAFE4BBA5E8BEBEE68890E79A84E38082E4BE9DE8B596E68A95E8B584E79A84E8B7AFE5BE84E5BF85E784B6E69C89E5B0BDE5A4B4EFBC8CE4B8BAE4BB80E4B988E4B88DE5B091E7BB8FE6B58EE58DB1E69CBAE69C80E7BB88E8A1A8E78EB0E4B8BAE98791E89E8DE58DB1E69CBAEFBC9FE68891E59CA8E68891E79A84E4B9A6E3808AE58DB0E9929EE88085E3808BE4B8ADE8AFA6E7BB86E8A7A3E9878AE8BF87EFBC8CE78EB0E4BBA3E7BB8FE6B58EE698AFE4BFA1E8B4B7E7BB8FE6B58EEFBC8CE4BFA1E8B4B7E7BB8FE6B58EE6848FE591B3E79D80E98791E89E8DE6B897E9808FE585A5E7BB8FE6B58EE79A84E696B9E696B9E99DA2E99DA2EFBC8CE4B99FE6ADA3E59BA0E6ADA4EFBC8CE78EB0E4BBA3E4BABAE79A84E7949FE6B4BBE697B6E588BBE4B88EE98791E89E8DE58DB1E69CBAE5B9B6E5AD98E380823C2F703E3C70207374796C653D226D617267696E3A203070782030707820323570783B2070616464696E673A203070783B20746578742D696E64656E743A20323870783B20666F6E742D73697A653A20313470783B20636F6C6F723A207267622834332C2034332C203433293B20666F6E742D66616D696C793A2073696D73756E2C20617269616C2C2068656C7665746963612C20636C65616E2C2073616E732D73657269663B20666F6E742D7374796C653A206E6F726D616C3B20666F6E742D76617269616E742D6C69676174757265733A206E6F726D616C3B20666F6E742D76617269616E742D636170733A206E6F726D616C3B20666F6E742D7765696768743A206E6F726D616C3B206C65747465722D73706163696E673A206E6F726D616C3B206F727068616E733A20323B20746578742D616C69676E3A206C6566743B20746578742D7472616E73666F726D3A206E6F6E653B2077686974652D73706163653A206E6F726D616C3B207769646F77733A20323B20776F72642D73706163696E673A203070783B202D7765626B69742D746578742D7374726F6B652D77696474683A203070783B206261636B67726F756E642D636F6C6F723A20726762283235352C203235352C20323535293B20746578742D6465636F726174696F6E2D7374796C653A20696E697469616C3B20746578742D6465636F726174696F6E2D636F6C6F723A20696E697469616C3B223EE5B0B1E4B8ADE59BBDE8808CE8A880EFBC8CE8BF87E5BAA6E79A84E68A95E8B584E6848FE591B3E79D80E7BB8FE6B58EE59CA8E4BF9DE68C81E5A29EE995BFE79A84E8BF87E7A88BE4B8ADE69C89E5A4A7E9878FE79A84E697A0E69588E68A95E8B584EFBC8CE697A0E69588E68A95E8B584E59CA8E98791E89E8DE4BD93E7B3BBE69C80E7BB88E8A1A8E78EB0E4B8BAE580BAE58AA1EFBC8CE59CA8E4BAA7E4B89AE4BD93E7B3BBE8A1A8E78EB0E4B8BAE8BF87E589A9E4BAA7E883BDEFBC8CE4B99FE6ADA3E59BA0E6ADA4EFBC8CE4B8ADE59BBDE79A84E5BA9EE5A4A7E580BAE58AA1E4B88EE8BF87E589A9E4BAA7E883BDE698AFE5A4A7E9878FE697A0E69588E68A95E8B584E79A84E4B880E4BD93E4B8A4E99DA2E38082E580BAE58AA1E69C89E585B6E7958CE99990EFBC9AE4B88DE883BDE8A2ABE5BD92E8BF98E79A84E580BAE58AA1EFBC8CE69C80E7BB88E697A0E6B395E68C81E7BBADE28094E28094E8BF99E698AFE5A682E5908C312B313D32E4B880E888ACE697A0E6B395E694B9E58F98E79A84E585ACE79086E380823C2F703E3C70207374796C653D226D617267696E3A203070782030707820323570783B2070616464696E673A203070783B20746578742D696E64656E743A20323870783B20666F6E742D73697A653A20313470783B20636F6C6F723A207267622834332C2034332C203433293B20666F6E742D66616D696C793A2073696D73756E2C20617269616C2C2068656C7665746963612C20636C65616E2C2073616E732D73657269663B20666F6E742D7374796C653A206E6F726D616C3B20666F6E742D76617269616E742D6C69676174757265733A206E6F726D616C3B20666F6E742D76617269616E742D636170733A206E6F726D616C3B20666F6E742D7765696768743A206E6F726D616C3B206C65747465722D73706163696E673A206E6F726D616C3B206F727068616E733A20323B20746578742D7472616E73666F726D3A206E6F6E653B2077686974652D73706163653A206E6F726D616C3B207769646F77733A20323B20776F72642D73706163696E673A203070783B202D7765626B69742D746578742D7374726F6B652D77696474683A203070783B206261636B67726F756E642D636F6C6F723A20726762283235352C203235352C20323535293B20746578742D6465636F726174696F6E2D7374796C653A20696E697469616C3B20746578742D6465636F726174696F6E2D636F6C6F723A20696E697469616C3B20746578742D616C69676E3A2063656E7465723B223E3C696D672077696474683D2236303022206865696768743D2233373422207374796C653D22626F726465723A203070783B20646973706C61793A20626C6F636B3B206D617267696E3A20307078206175746F3B2220616C743D2222207372633D222F75656469746F722F6A73702F75706C6F61642F696D6167652F32303137303631322F313439373235313330323539393038373732392E6A7067222F3E3C2F703E3C70207374796C653D226D617267696E3A203070782030707820323570783B2070616464696E673A203070783B20746578742D696E64656E743A20323870783B20666F6E742D73697A653A20313470783B20636F6C6F723A207267622834332C2034332C203433293B20666F6E742D66616D696C793A2073696D73756E2C20617269616C2C2068656C7665746963612C20636C65616E2C2073616E732D73657269663B20666F6E742D7374796C653A206E6F726D616C3B20666F6E742D76617269616E742D6C69676174757265733A206E6F726D616C3B20666F6E742D76617269616E742D636170733A206E6F726D616C3B20666F6E742D7765696768743A206E6F726D616C3B206C65747465722D73706163696E673A206E6F726D616C3B206F727068616E733A20323B20746578742D7472616E73666F726D3A206E6F6E653B2077686974652D73706163653A206E6F726D616C3B207769646F77733A20323B20776F72642D73706163696E673A203070783B202D7765626B69742D746578742D7374726F6B652D77696474683A203070783B206261636B67726F756E642D636F6C6F723A20726762283235352C203235352C20323535293B20746578742D6465636F726174696F6E2D7374796C653A20696E697469616C3B20746578742D6465636F726174696F6E2D636F6C6F723A20696E697469616C3B20746578742D616C69676E3A2063656E7465723B223EE4B8ADE59BBDE7BB8FE6B58EE79A84E5A29EE995BFE4BCB4E99A8FE79D80E5A4A7E9878FE697A0E69588E68A95E8B584E38082E59BBE2F41503C2F703E3C70207374796C653D226D617267696E3A203070782030707820323570783B2070616464696E673A203070783B20746578742D696E64656E743A20323870783B20666F6E742D73697A653A20313470783B20636F6C6F723A207267622834332C2034332C203433293B20666F6E742D66616D696C793A2073696D73756E2C20617269616C2C2068656C7665746963612C20636C65616E2C2073616E732D73657269663B20666F6E742D7374796C653A206E6F726D616C3B20666F6E742D76617269616E742D6C69676174757265733A206E6F726D616C3B20666F6E742D76617269616E742D636170733A206E6F726D616C3B20666F6E742D7765696768743A206E6F726D616C3B206C65747465722D73706163696E673A206E6F726D616C3B206F727068616E733A20323B20746578742D616C69676E3A206C6566743B20746578742D7472616E73666F726D3A206E6F6E653B2077686974652D73706163653A206E6F726D616C3B207769646F77733A20323B20776F72642D73706163696E673A203070783B202D7765626B69742D746578742D7374726F6B652D77696474683A203070783B206261636B67726F756E642D636F6C6F723A20726762283235352C203235352C20323535293B20746578742D6465636F726174696F6E2D7374796C653A20696E697469616C3B20746578742D6465636F726174696F6E2D636F6C6F723A20696E697469616C3B223E266E6273703B3C2F703E3C70207374796C653D226D617267696E3A203070782030707820323570783B2070616464696E673A203070783B20746578742D696E64656E743A20323870783B20666F6E742D73697A653A20313470783B20636F6C6F723A207267622834332C2034332C203433293B20666F6E742D66616D696C793A2073696D73756E2C20617269616C2C2068656C7665746963612C20636C65616E2C2073616E732D73657269663B20666F6E742D7374796C653A206E6F726D616C3B20666F6E742D76617269616E742D6C69676174757265733A206E6F726D616C3B20666F6E742D76617269616E742D636170733A206E6F726D616C3B20666F6E742D7765696768743A206E6F726D616C3B206C65747465722D73706163696E673A206E6F726D616C3B206F727068616E733A20323B20746578742D616C69676E3A206C6566743B20746578742D7472616E73666F726D3A206E6F6E653B2077686974652D73706163653A206E6F726D616C3B207769646F77733A20323B20776F72642D73706163696E673A203070783B202D7765626B69742D746578742D7374726F6B652D77696474683A203070783B206261636B67726F756E642D636F6C6F723A20726762283235352C203235352C20323535293B20746578742D6465636F726174696F6E2D7374796C653A20696E697469616C3B20746578742D6465636F726174696F6E2D636F6C6F723A20696E697469616C3B223E32303137EFBC8CE58DB3E5B086E8808CE69DA5E79A84E9BB91E99381E697B6E4BBA33C2F703E3C70207374796C653D226D617267696E3A203070782030707820323570783B2070616464696E673A203070783B20746578742D696E64656E743A20323870783B20666F6E742D73697A653A20313470783B20636F6C6F723A207267622834332C2034332C203433293B20666F6E742D66616D696C793A2073696D73756E2C20617269616C2C2068656C7665746963612C20636C65616E2C2073616E732D73657269663B20666F6E742D7374796C653A206E6F726D616C3B20666F6E742D76617269616E742D6C69676174757265733A206E6F726D616C3B20666F6E742D76617269616E742D636170733A206E6F726D616C3B20666F6E742D7765696768743A206E6F726D616C3B206C65747465722D73706163696E673A206E6F726D616C3B206F727068616E733A20323B20746578742D616C69676E3A206C6566743B20746578742D7472616E73666F726D3A206E6F6E653B2077686974652D73706163653A206E6F726D616C3B207769646F77733A20323B20776F72642D73706163696E673A203070783B202D7765626B69742D746578742D7374726F6B652D77696474683A203070783B206261636B67726F756E642D636F6C6F723A20726762283235352C203235352C20323535293B20746578742D6465636F726174696F6E2D7374796C653A20696E697469616C3B20746578742D6465636F726174696F6E2D636F6C6F723A20696E697469616C3B223EE59B9EE5A4B4E69DA5E79C8BEFBC8CE7A9B6E7AB9FE593AAE4B880E5B9B4E6898DE698AFE4B8ADE59BBDE7BB8FE6B58EE69C80E59BB0E99ABEE79A84E4B880E5B9B4EFBC9FE7A789E79D80E7BB8FE6B58EE5ADA6E5AEB6E9A284E6B58BE587BAE4BA86E8BF87E58EBB35E6ACA1E8A1B0E98080E4B8AD39E6ACA1E79A84E5A4A7E697A0E7958FE7B2BEE7A59EEFBC8CE68891E8A789E5BE97E59CA8E8BF87E58EBBE8808CE8A880E698AF31393938E5B9B4E38082E5BD93E697B6E5A496E983A8E99DA2E4B8B4E4BA9AE6B4B2E98791E89E8DE58DB1E69CBAE5B8A6E69DA5E79A84E5B7A8E5A4A7E586B2E587BBEFBC8CE58685E983A8E99DA2E4B8B4E59BBDE4BC81E694B9E99DA9E5B7A5E4BABAE4B88BE5B297E79A84E7A4BEE4BC9AE589A7E58F98E38082E4BBA5E5A682E4BB8AE79A84E68385E586B5E8808CE8A880EFBC8C32303136E5B9B4E4BC9AE69C89E6B3A2E68A98EFBC8CE4BD8632303137E5B9B4E6898DE698AFE69C80E8BF91E587A0E5B9B4E69DA5E69C80E4B8BAE59BB0E99ABEE79A84E4B880E5B9B4E38082E4B880E4B88DE5B08FE5BF83EFBC8CE5B0B1E69C89E59B9EE588B031393938E5B9B4E79A84E8B68BE58ABFEFBC8CE58FAAE4B88DE8BF87E4B88AE6ACA1E698AFE4B8ADE59BBDE58F97E588B0E586B2E587BBEFBC8CE69CAAE69DA5EFBC8CE4B8ADE59BBDE698AFE9A38EE69AB4E6A0B8E5BF83E380823C2F703E3C70207374796C653D226D617267696E3A203070782030707820323570783B2070616464696E673A203070783B20746578742D696E64656E743A20323870783B20666F6E742D73697A653A20313470783B20636F6C6F723A207267622834332C2034332C203433293B20666F6E742D66616D696C793A2073696D73756E2C20617269616C2C2068656C7665746963612C20636C65616E2C2073616E732D73657269663B20666F6E742D7374796C653A206E6F726D616C3B20666F6E742D76617269616E742D6C69676174757265733A206E6F726D616C3B20666F6E742D76617269616E742D636170733A206E6F726D616C3B20666F6E742D7765696768743A206E6F726D616C3B206C65747465722D73706163696E673A206E6F726D616C3B206F727068616E733A20323B20746578742D616C69676E3A206C6566743B20746578742D7472616E73666F726D3A206E6F6E653B2077686974652D73706163653A206E6F726D616C3B207769646F77733A20323B20776F72642D73706163696E673A203070783B202D7765626B69742D746578742D7374726F6B652D77696474683A203070783B206261636B67726F756E642D636F6C6F723A20726762283235352C203235352C20323535293B20746578742D6465636F726174696F6E2D7374796C653A20696E697469616C3B20746578742D6465636F726174696F6E2D636F6C6F723A20696E697469616C3B223EE6A0B9E68DAEE5A4AEE8A18CE69C80E696B0E585ACE5B883E695B0E68DAEEFBC8C31E69C88E5AE98E696B9E5A496E6B187E582A8E5A48733323330382E3933E4BABFE7BE8EE58583EFBC8CE9A284E69C9FE4B8BA3332313030E4BABFE7BE8EE58583EFBC8CE8BE8332303135E5B9B43132E69C88E79A8433333330332E3632E4BABFE7BE8EE58583E5878FE5B0913939342E3639E4BABFE7BE8EE58583E38082E5A496E6B187E582A8E89384E79A84E4B88DE696ADE6B581E587BAEFBC8CE5AFB9E4BABAE6B091E5B881E980A0E68890E58E8BE58A9BE38082E8808CE4BABAE6B091E5B881E6B187E78E87EFBC8CE58899E4B88EE688BFE59CB0E4BAA7E38081E8AF81E588B8E5B882E59CBAE79A84E4BCB0E580BCE7B4A7E5AF86E88194E7B3BBEFBC8CE69CAAE69DA5E79A84E68B89E994AFE68898E5B086E4B88DE4BB85E4BB85E5B180E99990E59CA8E7BB8FE6B58EE9A286E59F9FEFBC8CE8808CE4B8BBE8A681E4BD93E78EB0E59CA8E98791E89E8DE9A286E59F9FE380823C2F703E3C70207374796C653D226D617267696E3A203070782030707820323570783B2070616464696E673A203070783B20746578742D696E64656E743A20323870783B20666F6E742D73697A653A20313470783B20636F6C6F723A207267622834332C2034332C203433293B20666F6E742D66616D696C793A2073696D73756E2C20617269616C2C2068656C7665746963612C20636C65616E2C2073616E732D73657269663B20666F6E742D7374796C653A206E6F726D616C3B20666F6E742D76617269616E742D6C69676174757265733A206E6F726D616C3B20666F6E742D76617269616E742D636170733A206E6F726D616C3B20666F6E742D7765696768743A206E6F726D616C3B206C65747465722D73706163696E673A206E6F726D616C3B206F727068616E733A20323B20746578742D616C69676E3A206C6566743B20746578742D7472616E73666F726D3A206E6F6E653B2077686974652D73706163653A206E6F726D616C3B207769646F77733A20323B20776F72642D73706163696E673A203070783B202D7765626B69742D746578742D7374726F6B652D77696474683A203070783B206261636B67726F756E642D636F6C6F723A20726762283235352C203235352C20323535293B20746578742D6465636F726174696F6E2D7374796C653A20696E697469616C3B20746578742D6465636F726174696F6E2D636F6C6F723A20696E697469616C3B223EE5879BE586ACE5B086E887B3EFBC8CE68891E4BBACE4BE9DE8B596E8B081E79A84E69591E8B58EEFBC9FE4B8A4E799BEE5A49AE5B9B4E5898DEFBC8CE59CA8E79BAEE79DB9E88BB1E59BBDE587A0E6ACA1E999B7E585A5E98791E89E8DE58DB1E69CBAE4B98BE5908EEFBC8CE3808AE7BB8FE6B58EE5ADA6E4BABAE3808BE7BC96E8BE91E799BDE88A9DE6B5A9EFBC8857616C7465722042616765686F74EFBC89E58699E4B88BE4BA86E4BCA0E4B896E89197E4BD9CE3808AE4BCA6E5B7B4E7ACACE5A4A7E8A197E3808BEFBC8CE4BB96E8AEA4E4B8BAE59CA8E5B882E59CBAE5B4A9E6BA83E4B98BE99985EFBC8CE4B8ADE5A4AEE993B6E8A18CE5BA94E8AFA5E689BFE68B85E68BAFE69591E88085E8B4A3E4BBBBEFBC8CE8BF99E5B0B1E698AFE89197E5908DE79A84E799BDE88A9DE6B5A9E58E9FE58899EFBC8842616765686F74262333393B732044696374756DEFBC89E28094E28094E59CA8E98791E89E8DE58DB1E69CBAE697B6EFBC8CE4B8ADE5A4AEE993B6E8A18CE5BA94E5BD93E68F90E4BE9BE4BFA1E8B4B7EFBC8CE593AAE68095E8B4B7E6ACBEE588A9E78E87E9AB98E588B0E683A9E7BD9AE680A7E588A9E78E87E6B0B4E5B9B3EFBC8CE58DB3E4B8ADE5A4AEE993B6E8A18CE8A681E58585E5BD93E2809CE69C80E5908EE8B4B7E6ACBEE4BABAE2809DE380823C2F703E3C70207374796C653D226D617267696E3A203070782030707820323570783B2070616464696E673A203070783B20746578742D696E64656E743A20323870783B20666F6E742D73697A653A20313470783B20636F6C6F723A207267622834332C2034332C203433293B20666F6E742D66616D696C793A2073696D73756E2C20617269616C2C2068656C7665746963612C20636C65616E2C2073616E732D73657269663B20666F6E742D7374796C653A206E6F726D616C3B20666F6E742D76617269616E742D6C69676174757265733A206E6F726D616C3B20666F6E742D76617269616E742D636170733A206E6F726D616C3B20666F6E742D7765696768743A206E6F726D616C3B206C65747465722D73706163696E673A206E6F726D616C3B206F727068616E733A20323B20746578742D7472616E73666F726D3A206E6F6E653B2077686974652D73706163653A206E6F726D616C3B207769646F77733A20323B20776F72642D73706163696E673A203070783B202D7765626B69742D746578742D7374726F6B652D77696474683A203070783B206261636B67726F756E642D636F6C6F723A20726762283235352C203235352C20323535293B20746578742D6465636F726174696F6E2D7374796C653A20696E697469616C3B20746578742D6465636F726174696F6E2D636F6C6F723A20696E697469616C3B20746578742D616C69676E3A2063656E7465723B223E3C696D672077696474683D2236303022206865696768743D2234303022207374796C653D22626F726465723A203070783B20646973706C61793A20626C6F636B3B206D617267696E3A20307078206175746F3B2220616C743D2222207372633D222F75656469746F722F6A73702F75706C6F61642F696D6167652F32303137303631322F313439373235313330323738353032313637362E6A7067222F3E3C2F703E3C70207374796C653D226D617267696E3A203070782030707820323570783B2070616464696E673A203070783B20746578742D696E64656E743A20323870783B20666F6E742D73697A653A20313470783B20636F6C6F723A207267622834332C2034332C203433293B20666F6E742D66616D696C793A2073696D73756E2C20617269616C2C2068656C7665746963612C20636C65616E2C2073616E732D73657269663B20666F6E742D7374796C653A206E6F726D616C3B20666F6E742D76617269616E742D6C69676174757265733A206E6F726D616C3B20666F6E742D76617269616E742D636170733A206E6F726D616C3B20666F6E742D7765696768743A206E6F726D616C3B206C65747465722D73706163696E673A206E6F726D616C3B206F727068616E733A20323B20746578742D616C69676E3A206C6566743B20746578742D7472616E73666F726D3A206E6F6E653B2077686974652D73706163653A206E6F726D616C3B207769646F77733A20323B20776F72642D73706163696E673A203070783B202D7765626B69742D746578742D7374726F6B652D77696474683A203070783B206261636B67726F756E642D636F6C6F723A20726762283235352C203235352C20323535293B20746578742D6465636F726174696F6E2D7374796C653A20696E697469616C3B20746578742D6465636F726174696F6E2D636F6C6F723A20696E697469616C3B223E266E6273703B3C2F703E3C70207374796C653D226D617267696E3A203070782030707820323570783B2070616464696E673A203070783B20746578742D696E64656E743A20323870783B20666F6E742D73697A653A20313470783B20636F6C6F723A207267622834332C2034332C203433293B20666F6E742D66616D696C793A2073696D73756E2C20617269616C2C2068656C7665746963612C20636C65616E2C2073616E732D73657269663B20666F6E742D7374796C653A206E6F726D616C3B20666F6E742D76617269616E742D6C69676174757265733A206E6F726D616C3B20666F6E742D76617269616E742D636170733A206E6F726D616C3B20666F6E742D7765696768743A206E6F726D616C3B206C65747465722D73706163696E673A206E6F726D616C3B206F727068616E733A20323B20746578742D616C69676E3A206C6566743B20746578742D7472616E73666F726D3A206E6F6E653B2077686974652D73706163653A206E6F726D616C3B207769646F77733A20323B20776F72642D73706163696E673A203070783B202D7765626B69742D746578742D7374726F6B652D77696474683A203070783B206261636B67726F756E642D636F6C6F723A20726762283235352C203235352C20323535293B20746578742D6465636F726174696F6E2D7374796C653A20696E697469616C3B20746578742D6465636F726174696F6E2D636F6C6F723A20696E697469616C3B223E32303137E5B9B4EFBC8CE789B9E69C97E699AEE5B7B2E7BB8FE5B0B1E4BBBBE7BE8EE59BBDE680BBE7BB9FEFBC8CE4BB96E79A84E4BF9DE5AE88E7BB8FE6B58EE694BFE7AD96E5B086E4BC9AE7BB99E4B896E7958CE7BB8FE6B58EE5B8A6E69DA5E69BB4E5A49AE58F98E695B0E380823C2F703E3C70207374796C653D226D617267696E3A203070782030707820323570783B2070616464696E673A203070783B20746578742D696E64656E743A20323870783B20666F6E742D73697A653A20313470783B20636F6C6F723A207267622834332C2034332C203433293B20666F6E742D66616D696C793A2073696D73756E2C20617269616C2C2068656C7665746963612C20636C65616E2C2073616E732D73657269663B20666F6E742D7374796C653A206E6F726D616C3B20666F6E742D76617269616E742D6C69676174757265733A206E6F726D616C3B20666F6E742D76617269616E742D636170733A206E6F726D616C3B20666F6E742D7765696768743A206E6F726D616C3B206C65747465722D73706163696E673A206E6F726D616C3B206F727068616E733A20323B20746578742D616C69676E3A206C6566743B20746578742D7472616E73666F726D3A206E6F6E653B2077686974652D73706163653A206E6F726D616C3B207769646F77733A20323B20776F72642D73706163696E673A203070783B202D7765626B69742D746578742D7374726F6B652D77696474683A203070783B206261636B67726F756E642D636F6C6F723A20726762283235352C203235352C20323535293B20746578742D6465636F726174696F6E2D7374796C653A20696E697469616C3B20746578742D6465636F726174696F6E2D636F6C6F723A20696E697469616C3B223EE79BB4E588B0E4BB8AE5A4A9EFBC8CE799BDE88A9DE6B5A9E4BB8DE697A7E8A2ABE8AEA4E4B8BAE698AFE88BB1E59BBDE69D82E5BF97E58FB2E4B88AE69C80E4BC9FE5A4A7E79A84E4B8BBE7BC96EFBC8CE7949AE887B3E58FAFE4BBA5E8AFB4E698AFE58E86E58FB2E4B88AE69C80E4BC9FE5A4A7E79A84E7BB8FE6B58EE8A782E5AF9FE88085E28094E28094E697A0E8AEBA32303038E5B9B4E79A84E98791E89E8DE58DB1E69CBAE8BF98E698AFE4B8ADE59BBDE8BF91E69C9FE79A84E2809CE992B1E88D92E2809DEFBC8CE68891E4BBACE983BDE9A286E4BC9AE4BA86E799BDE88A9DE6B5A9E58E9FE58899E79A84E98082E794A8E680A7E380823C2F703E3C70207374796C653D226D617267696E3A203070782030707820323570783B2070616464696E673A203070783B20746578742D696E64656E743A20323870783B20666F6E742D73697A653A20313470783B20636F6C6F723A207267622834332C2034332C203433293B20666F6E742D66616D696C793A2073696D73756E2C20617269616C2C2068656C7665746963612C20636C65616E2C2073616E732D73657269663B20666F6E742D7374796C653A206E6F726D616C3B20666F6E742D76617269616E742D6C69676174757265733A206E6F726D616C3B20666F6E742D76617269616E742D636170733A206E6F726D616C3B20666F6E742D7765696768743A206E6F726D616C3B206C65747465722D73706163696E673A206E6F726D616C3B206F727068616E733A20323B20746578742D616C69676E3A206C6566743B20746578742D7472616E73666F726D3A206E6F6E653B2077686974652D73706163653A206E6F726D616C3B207769646F77733A20323B20776F72642D73706163696E673A203070783B202D7765626B69742D746578742D7374726F6B652D77696474683A203070783B206261636B67726F756E642D636F6C6F723A20726762283235352C203235352C20323535293B20746578742D6465636F726174696F6E2D7374796C653A20696E697469616C3B20746578742D6465636F726174696F6E2D636F6C6F723A20696E697469616C3B223EE5AFB9E98791E89E8DE58DB1E69CBAE79A84E78886E58F91EFBC8CE4B880E696B9E99DA2E4B8ADE5A4AEE993B6E8A18CE99ABEE4BBA5E884B1E8B4A3EFBC8CE6AF94E5A682E694BEE7BAB5E6B3A1E6B2ABE4B88EE68A95E8B584E7AD89EFBC8CE5908CE697B6E5A4AEE8A18CE4B99FE698AFE98791E89E8DE58DB1E69CBAE79A84E69C80E7BB88E69591E8B58EE88085EFBC9BE5A682E4BB8AE4B8ADE5A4AEE993B6E8A18CE69D83E58A9BE697A5E79B8AE5A29EE5A4A7EFBC8CE6ADA3E698AFE5AFB9E98791E89E8DE58DB1E69CBAE99C87E88DA1E58AA0E589A7E79A84E59B9EE5BA94E380823C2F703E3C70207374796C653D226D617267696E3A203070782030707820323570783B2070616464696E673A203070783B20746578742D696E64656E743A20323870783B20666F6E742D73697A653A20313470783B20636F6C6F723A207267622834332C2034332C203433293B20666F6E742D66616D696C793A2073696D73756E2C20617269616C2C2068656C7665746963612C20636C65616E2C2073616E732D73657269663B20666F6E742D7374796C653A206E6F726D616C3B20666F6E742D76617269616E742D6C69676174757265733A206E6F726D616C3B20666F6E742D76617269616E742D636170733A206E6F726D616C3B20666F6E742D7765696768743A206E6F726D616C3B206C65747465722D73706163696E673A206E6F726D616C3B206F727068616E733A20323B20746578742D616C69676E3A206C6566743B20746578742D7472616E73666F726D3A206E6F6E653B2077686974652D73706163653A206E6F726D616C3B207769646F77733A20323B20776F72642D73706163696E673A203070783B202D7765626B69742D746578742D7374726F6B652D77696474683A203070783B206261636B67726F756E642D636F6C6F723A20726762283235352C203235352C20323535293B20746578742D6465636F726174696F6E2D7374796C653A20696E697469616C3B20746578742D6465636F726174696F6E2D636F6C6F723A20696E697469616C3B223EE59CA8E7BB8FE6B58EE4B88BE8A18CE4BBA5E58F8AE98791E89E8DE99C87E88DA1E4B98BE4B8ADEFBC8CE4BD9CE4B8BAE585A8E79083E69C80E9878DE8A681E79A84E2809CE58DB0E9929EE88085E2809DE4B98BE4B880EFBC8CE4B8ADE59BBDE5A4AEE8A18CE79A84E4BD9CE794A8E79BB8E5BD93E5B7A8E5A4A7EFBC8CE68891E4BBACE58FAFE4BBA5E68C87E69C9BE5A4AEE8A18CE5BA94E5AFB9E7BB8FE6B58EE4B88BE8A18CE4B983E887B3E98791E89E8DE99C87E88DA1E4B988EFBC9FE59CA832303136E5B9B4EFBC8CE4B8ADE59BBDE5A4AEE8A18CE4BB8DE697A7E6898BE68FA1E8B685E8BF8733E4B887E4BABFE7BE8EE58583E5A496E6B187E582A8E89384EFBC8CE5A682E69E9CE585A8E79083E7BB8FE6B58EE78AB6E586B5E8BF98E7AE97E5B9B3E7A8B3EFBC8CE5B09AE4B894E883BDE5A49FE5BA94E5AFB9EFBC8CE4BD86E698AFE68385E586B5E588B0E4BA8632303137E5B9B4EFBC8CE4B880E58887E5B086E4BC9AE5A48DE69D82E8B5B7E69DA5E380823C2F703E3C70207374796C653D226D617267696E3A203070782030707820323570783B2070616464696E673A203070783B20746578742D696E64656E743A20323870783B20666F6E742D73697A653A20313470783B20636F6C6F723A207267622834332C2034332C203433293B20666F6E742D66616D696C793A2073696D73756E2C20617269616C2C2068656C7665746963612C20636C65616E2C2073616E732D73657269663B20666F6E742D7374796C653A206E6F726D616C3B20666F6E742D76617269616E742D6C69676174757265733A206E6F726D616C3B20666F6E742D76617269616E742D636170733A206E6F726D616C3B20666F6E742D7765696768743A206E6F726D616C3B206C65747465722D73706163696E673A206E6F726D616C3B206F727068616E733A20323B20746578742D7472616E73666F726D3A206E6F6E653B2077686974652D73706163653A206E6F726D616C3B207769646F77733A20323B20776F72642D73706163696E673A203070783B202D7765626B69742D746578742D7374726F6B652D77696474683A203070783B206261636B67726F756E642D636F6C6F723A20726762283235352C203235352C20323535293B20746578742D6465636F726174696F6E2D7374796C653A20696E697469616C3B20746578742D6465636F726174696F6E2D636F6C6F723A20696E697469616C3B20746578742D616C69676E3A2063656E7465723B223E3C696D672077696474683D2236303022206865696768743D2233333722207374796C653D22626F726465723A203070783B20646973706C61793A20626C6F636B3B206D617267696E3A20307078206175746F3B2220616C743D2222207372633D222F75656469746F722F6A73702F75706C6F61642F696D6167652F32303137303631322F313439373235313330333131303034313234382E6A7067222F3E3C2F703E3C70207374796C653D226D617267696E3A203070782030707820323570783B2070616464696E673A203070783B20746578742D696E64656E743A20323870783B20666F6E742D73697A653A20313470783B20636F6C6F723A207267622834332C2034332C203433293B20666F6E742D66616D696C793A2073696D73756E2C20617269616C2C2068656C7665746963612C20636C65616E2C2073616E732D73657269663B20666F6E742D7374796C653A206E6F726D616C3B20666F6E742D76617269616E742D6C69676174757265733A206E6F726D616C3B20666F6E742D76617269616E742D636170733A206E6F726D616C3B20666F6E742D7765696768743A206E6F726D616C3B206C65747465722D73706163696E673A206E6F726D616C3B206F727068616E733A20323B20746578742D616C69676E3A206C6566743B20746578742D7472616E73666F726D3A206E6F6E653B2077686974652D73706163653A206E6F726D616C3B207769646F77733A20323B20776F72642D73706163696E673A203070783B202D7765626B69742D746578742D7374726F6B652D77696474683A203070783B206261636B67726F756E642D636F6C6F723A20726762283235352C203235352C20323535293B20746578742D6465636F726174696F6E2D7374796C653A20696E697469616C3B20746578742D6465636F726174696F6E2D636F6C6F723A20696E697469616C3B223E266E6273703B3C2F703E3C70207374796C653D226D617267696E3A203070782030707820323570783B2070616464696E673A203070783B20746578742D696E64656E743A20323870783B20666F6E742D73697A653A20313470783B20636F6C6F723A207267622834332C2034332C203433293B20666F6E742D66616D696C793A2073696D73756E2C20617269616C2C2068656C7665746963612C20636C65616E2C2073616E732D73657269663B20666F6E742D7374796C653A206E6F726D616C3B20666F6E742D76617269616E742D6C69676174757265733A206E6F726D616C3B20666F6E742D76617269616E742D636170733A206E6F726D616C3B20666F6E742D7765696768743A206E6F726D616C3B206C65747465722D73706163696E673A206E6F726D616C3B206F727068616E733A20323B20746578742D616C69676E3A206C6566743B20746578742D7472616E73666F726D3A206E6F6E653B2077686974652D73706163653A206E6F726D616C3B207769646F77733A20323B20776F72642D73706163696E673A203070783B202D7765626B69742D746578742D7374726F6B652D77696474683A203070783B206261636B67726F756E642D636F6C6F723A20726762283235352C203235352C20323535293B20746578742D6465636F726174696F6E2D7374796C653A20696E697469616C3B20746578742D6465636F726174696F6E2D636F6C6F723A20696E697469616C3B223EE8BF91E5B9B4E7BB8FE6B58EE99C87E88DA1EFBC8CE59084E59BBDE5A4AEE8A18CE79A84E69D83E58A9BE4B99FE697A5E79B8AE5A29EE5A4A7E380823C2F703E3C70207374796C653D226D617267696E3A203070782030707820323570783B2070616464696E673A203070783B20746578742D696E64656E743A20323870783B20666F6E742D73697A653A20313470783B20636F6C6F723A207267622834332C2034332C203433293B20666F6E742D66616D696C793A2073696D73756E2C20617269616C2C2068656C7665746963612C20636C65616E2C2073616E732D73657269663B20666F6E742D7374796C653A206E6F726D616C3B20666F6E742D76617269616E742D6C69676174757265733A206E6F726D616C3B20666F6E742D76617269616E742D636170733A206E6F726D616C3B20666F6E742D7765696768743A206E6F726D616C3B206C65747465722D73706163696E673A206E6F726D616C3B206F727068616E733A20323B20746578742D616C69676E3A206C6566743B20746578742D7472616E73666F726D3A206E6F6E653B2077686974652D73706163653A206E6F726D616C3B207769646F77733A20323B20776F72642D73706163696E673A203070783B202D7765626B69742D746578742D7374726F6B652D77696474683A203070783B206261636B67726F756E642D636F6C6F723A20726762283235352C203235352C20323535293B20746578742D6465636F726174696F6E2D7374796C653A20696E697469616C3B20746578742D6465636F726174696F6E2D636F6C6F723A20696E697469616C3B223EE99A8FE79D80E8B68AE69DA5E8B68AE5A49AE580BAE58AA1E588B0E69C9FEFBC8CE4BABAE6B091E5B881E5AFB9E5A496E99DA2E4B8B4E8B4ACE580BCE58E8BE58A9BEFBC8CE4B8ADE59BBDE7BB8FE6B58EE4B88BE8A18CE58E8BE58A9BE4B99FE68C81E7BBADE5A29EE58AA0E38082E8BF91E69C9FE5A4B4E58FB7E2809CE58DB0E9929EE88085E2809DE7BE8EE88194E582A8E79A84E58AA0E681AFEFBC8CE4BBA5E58F8AE697A5E69CACE5A4AEE8A18CE79A84E8B49FE588A9E78E87EFBC8CE4B99FE4BDBFE5BE97E585B6E4BB96E58DB0E9929EE88085E9A287E4B8BAE4B8BAE99ABEEFBC8CE8BF99E6848FE591B3E79D80E68891E4BBACE8BF9BE585A5E4BA86E5898DE68980E69CAAE69C89E79A84E696B0E9A286E59CB0E38082E585B3E4BA8EE2809CE59BB0E99ABEE2809DE79A84E5AE9AE4B989E4B99FE8A681E9878DE696B0E5BC80E5A78BEFBC8CE4B9A0E683AFE5A5BDE697A5E5AD90E79A84E68891E4BBACE5BF85E9A1BBE99DA2E5AFB9E4B880E6AEB5E88BA6E697A5E5AD90E380823C2F703E3C70207374796C653D226D617267696E3A203070782030707820323570783B2070616464696E673A203070783B20746578742D696E64656E743A20323870783B20666F6E742D73697A653A20313470783B20636F6C6F723A207267622834332C2034332C203433293B20666F6E742D66616D696C793A2073696D73756E2C20617269616C2C2068656C7665746963612C20636C65616E2C2073616E732D73657269663B20666F6E742D7374796C653A206E6F726D616C3B20666F6E742D76617269616E742D6C69676174757265733A206E6F726D616C3B20666F6E742D76617269616E742D636170733A206E6F726D616C3B20666F6E742D7765696768743A206E6F726D616C3B206C65747465722D73706163696E673A206E6F726D616C3B206F727068616E733A20323B20746578742D616C69676E3A206C6566743B20746578742D7472616E73666F726D3A206E6F6E653B2077686974652D73706163653A206E6F726D616C3B207769646F77733A20323B20776F72642D73706163696E673A203070783B202D7765626B69742D746578742D7374726F6B652D77696474683A203070783B206261636B67726F756E642D636F6C6F723A20726762283235352C203235352C20323535293B20746578742D6465636F726174696F6E2D7374796C653A20696E697469616C3B20746578742D6465636F726174696F6E2D636F6C6F723A20696E697469616C3B223EE5A682E69E9CE68891E4BBACE69C89E5B9B8E883BDE786ACE8BF8732303136E5B9B4EFBC8CE982A3E4B988E6ADA4E588BBE5B0B1E8A681E4B8BA32303137E5B9B4E5819AE5A5BDE8B6B3E5A49FE79A84E58786E5A487E4BA86EFBC8CE4B88DE4BA8FE992B1E5B0B1E698AFE9BB91E99381E697B6E4BBA3E79A84E9BB84E98791E68A95E8B584E58786E58899E380823C2F703E3C703E3C62722F3E3C2F703E, '今年经济形势', '伍洋波', '2017-04-06 15:06:36', '1');
INSERT INTO `info` VALUES ('40287c815c9ad581015c9b23ec4f001d', 'tzgg', 'http://qq.ip138.com/hl.asp', '国际货币实时汇率', 0x3C703E687474703A2F2F71712E69703133382E636F6D2F686C2E6173703C2F703E, '多关注金融', '伍洋波', '2017-03-08 15:08:56', '1');
INSERT INTO `info` VALUES ('40287c815c9ad581015c9b35f92e0025', 'tzgg', '', '加油', 0x3C703EE58AA0E6B2B9EFBC8CE4B8BAE585ACE58FB8E69588E79B8A3C62722F3E3C2F703E, '多做事情', '王硕', '2017-03-03 15:29:46', '1');
INSERT INTO `info` VALUES ('40287c815c9ad581015c9b5e4aff0027', 'gsjy', '', '公司计划', 0x3C703EE4B88BE58D8AE5B9B4E4B8BAE5878FE5B091E585ACE58FB8E4BABAE59198E4B88AE5BC80E694AFEFBC8CE5B086E5878FE591983C62722F3E3C2F703E, '', '李吉', '2017-06-12 16:13:32', '0');
INSERT INTO `info` VALUES ('40287c815c9bf9e8015c9c474c930004', 'tzgg', '', '裁员了', 0x3C703EE7BB8FE585ACE58FB8E9AB98E5B182E59586E8AEAEEFBC8CE68891E585ACE58FB8E5B086E59CA8E8BF91E69C9FE8A381E59198E380823C62722F3E3C2F703E, '！', '刘青松', '2017-01-27 20:28:12', '1');
INSERT INTO `info` VALUES ('40287c815c9bf9e8015c9c489e210005', 'gsjy', '', '招人了', 0x3C703E3C696D67207372633D22687474703A2F2F6C6F63616C686F73743A383038302F496E666F726D6174696F6E5F52656C656173655F416E645F436F6D706C61696E745F53797374656D2F75706C6F61642F75656469746F722F696D6167652F32303137303631322F313439373238333131353939353039343639332E6A706722207469746C653D22313439373238333131353939353039343639332E6A70672220616C743D22E8B791E6ADA5E69CBAE78C9DE6ADBB2E6A7067222F3E3C2F703E3C703E3C62722F3E3C2F703E3C703EE7BB8FE59084E983A8E997A8E58F8DE5BA94EFBC8CE4BBA5E58F8AE9AB98E5B182E586B3E5AE9AEFBC8CE5B086E59CA8E59084E983A8E997A8E5868DE68B9BE4B880E588B0E4B8A4E4B8AAE4B8BBE7AEA13C62722F3E3C2F703E, '', '刘青松', '2017-06-12 20:29:02', '1');
INSERT INTO `info` VALUES ('40287c815c9bf9e8015c9c4fc2a1000a', 'tzgg', '', '人力资源部', 0x3C703EE2809CE4BABAE58A9BE8B584E6BA90E983A8E2809DE79A84E6A682E5BFB5E698AFE59CA8E4B88AE4B896E7BAAAE69CABE4BB8EE7BE8EE59BBDE5BC95E585A5E79A84EFBC8CE59CA8E6ADA4E4B98BE5898DEFBC8CE68891E59BBDE4BC81E4B89AE4B8ADE79A84E4BABAE4BA8BE7AEA1E79086E983A8E997A8E58FABE4BABAE4BA8BE983A8E3808220E4BABAE58A9BE8B584E6BA90E983A8E698AFE5AFB9E4BC81E4B89AE4B8ADE59084E7B1BBE4BABAE59198E5BDA2E68890E79A84E8B584E6BA90EFBC88E58DB3E68A8AE4BABAE4BD9CE4B8BAE8B584E6BA90EFBC89E8BF9BE8A18CE7AEA1E79086E79A84E983A8E997A8E380823C2F703E, '普及知识', '刘青松', '2017-04-28 20:37:27', '1');
INSERT INTO `info` VALUES ('40287c815c9bf9e8015c9c54fdab000e', 'tzgg', '', '营销计划', 0x3C703EE4BC81E4B89AE890A5E99480E8AEA1E58892E698AFE68C87EFBC8CE59CA8E5AFB9E4BC81E4B89A3C61207469746C653D22E5B882E59CBAE890A5E99480E78EAFE5A2832220687265663D22687474703A2F2F77696B692E6D62616C69622E636F6D2F77696B692F254535254238253832254535253943254241254538253930254135254539253934253830254537253845254146254535254132253833223EE5B882E59CBAE890A5E99480E78EAFE5A2833C2F613EE8BF9BE8A18CE8B083E7A094E58886E69E90E79A84E59FBAE7A180E4B88AEFBC8CE588B6E5AE9AE4BC81E4B89AE58F8AE59084E4B89AE58AA1E58D95E4BD8DE79A84E5AFB93C61207469746C653D22E890A5E99480E79BAEE6A0872220687265663D22687474703A2F2F77696B692E6D62616C69622E636F6D2F77696B692F254538253930254135254539253934253830254537253942254145254536254130253837223EE890A5E99480E79BAEE6A0873C2F613EE4BBA5E58F8AE5AE9EE78EB0E8BF99E4B880E79BAEE6A087E68980E5BA94E98787E58F96E79A84E7AD96E795A5E38081E68EAAE696BDE5928CE6ADA5E9AAA4E79A84E6988EE7A1AEE8A784E5AE9AE5928CE8AFA6E7BB86E8AFB4E6988EE380823C2F703E3C703EE38080E38080E890A5E99480E8AEA1E58892E698AFE4BC81E4B89AE79A843C61207469746C653D22E68898E69CAFE8AEA1E588922220687265663D22687474703A2F2F77696B692E6D62616C69622E636F6D2F77696B692F254536253838253938254536253943254146254538254145254131254535253838253932223EE68898E69CAFE8AEA1E588923C2F613EEFBC8C3C61207469746C653D22E890A5E99480E68898E795A52220687265663D22687474703A2F2F77696B692E6D62616C69622E636F6D2F77696B692F254538253930254135254539253934253830254536253838253938254537253935254135223EE890A5E99480E68898E795A53C2F613EE5AFB9E4BC81E4B89AE8808CE8A880E698AFE2809CE5819AE6ADA3E7A1AEE79A84E4BA8BE2809DEFBC8CE8808CE890A5E99480E8AEA1E58892E58899E698AFE2809CE6ADA3E7A1AEE59CB0E5819AE4BA8BE2809DE38082E59CA8E4BC81E4B89AE79A84E5AE9EE99985E7BB8FE890A5E8BF87E7A88BE4B8ADEFBC8CE890A5E99480E8AEA1E58892E5BE80E5BE80E7A2B0E588B0E697A0E6B3953C61207469746C653D22E69C89E69588E689A7E8A18C2220687265663D22687474703A2F2F77696B692E6D62616C69622E636F6D2F77696B692F254536253943253839254536253935253838254536253839254137254538254131253843223EE69C89E69588E689A7E8A18C3C2F613EE79A84E68385E586B5EFBC8CE4B880E7A78DE68385E586B5E698AF3C61207469746C653D22E890A5E99480E68898E795A52220687265663D22687474703A2F2F77696B692E6D62616C69622E636F6D2F77696B692F254538253930254135254539253934253830254536253838253938254537253935254135223EE890A5E99480E68898E795A53C2F613EE4B88DE6ADA3E7A1AEEFBC8CE890A5E99480E8AEA1E58892E58FAAE883BDE698AFE2809CE99BAAE4B88AE58AA0E99C9CE2809DEFBC8CE58AA0E9809FE4BC81E4B89AE79A84E8A1B0E8B4A5EFBC9BE58FA6E4B880E7A78DE68385E586B5E58899E698AFE890A5E99480E8AEA1E58892E697A0E6B395E8B4AFE5BDBBE890BDE5AE9EEFBC8CE4B88DE883BDE5B086E890A5E99480E68898E795A5E8BDACE58C96E4B8BAE69C89E69588E79A84E68898E69CAFE38082E890A5E99480E8AEA1E58892E58585E58886E58F91E68CA5E4BD9CE794A8E79A84E59FBAE7A180E698AFE6ADA3E7A1AEE79A843C61207469746C653D22E68898E795A52220687265663D22687474703A2F2F77696B692E6D62616C69622E636F6D2F77696B692F254536253838253938254537253935254135223EE68898E795A53C2F613EEFBC8CE4B880E4B8AAE5AE8CE7BE8EE79A84E68898E795A5E58FAFE4BBA5E4B88DE5BF85E4BE9DE99DA0E5AE8CE7BE8EE79A84E68898E69CAFEFBC8CE8808CE4BB8EE58FA6E4B880E4B8AAE8A792E5BAA6E79C8BEFBC8CE890A5E99480E8AEA1E58892E79A84E6ADA3E7A1AEE689A7E8A18CE58FAFE4BBA5E5889BE980A0E5AE8CE7BE8EE79A84E68898E69CAFEFBC8CE8808CE5AE8CE7BE8EE79A84E68898E69CAFE58899E58FAFE4BBA5E5BCA5E8A1A5E68898E795A5E79A84E6ACA0E7BCBAEFBC8CE8BF98E883BDE59CA8E4B880E5AE9AE7A88BE5BAA6E4B88AE8BDACE58C96E4B8BAE68898E795A5E380823C2F703E3C703E3C62722F3E3C2F703E, '', '李吉', '2016-12-15 20:43:07', '1');
INSERT INTO `info` VALUES ('40287c815c9bf9e8015c9c57827f0011', 'tzgg', '', '销售计划', 0x3C703EE99480E594AEE8AEA1E58892E698AFE4BC81E4B89AE4B8BAE58F96E5BE97E99480E594AEE694B6E585A5E8808CE8BF9BE8A18CE79A84E4B880E7B3BBE58897E99480E594AEE5B7A5E4BD9CE79A84E5AE89E68E92EFBC8CE58C85E68BACE7A1AEE5AE9AE99480E594AEE79BAEE6A087E38081E99480E594AEE9A284E6B58BE38081E58886E9858DE99480E594AEE9858DE9A29DE5928CE7BC96E588B6E99480E594AEE9A284E7AE97E7AD89E380823C2F703E, '', '李吉', '2017-04-13 20:46:26', '1');
INSERT INTO `info` VALUES ('40287c815c9bf9e8015c9c596ac40012', 'tzgg', '', '科学技术是第一生产力', 0x3C703EE7A791E5ADA6E68A80E69CAFE698AFE7ACACE4B880E7949FE4BAA7E58A9BEFBC8CE5AE9EE8B7B5E698AFE6A380E9AA8CE79C9FE79086E79A84E594AFE4B880E6A087E58786E380823C2F703E, '至理名言', '黄海涛', '2017-02-17 20:47:48', '1');
INSERT INTO `info` VALUES ('40287c815c9bf9e8015c9c5a6c020013', 'gsjy', '', '生产改革', 0x3C703EE4B8BAE58AA0E5BFABE585ACE58FB8E7949FE4BAA7E58A9BEFBC8CE5B086E8BF9BE8A18CE8AEBEE5A487E69BB4E68DA2E5928CE4BABAE59198E58886E9858DE7AD89E58A9FE5A4ABE380823C62722F3E3C2F703E, '', '黄海涛', '2017-06-03 20:48:48', '1');
INSERT INTO `info` VALUES ('40287c815c9bf9e8015c9c5b4b8d0014', 'tzgg', '', '生产技术部职责', 0x3C703E312EE8B49FE8B4A3E4BCA0E8BEBEE59BBDE5AEB6E69C89E585B3E7949FE4BAA7E38081E68A80E69CAFE38081E8AEBEE5A487E38081E5AE89E585A8E38081E78EAFE4BF9DE38081E8B4A8E9878FE38081E8AEA1E9878FE7AD89E7AEA1E79086E696B9E99DA2E79A84E696B9E99288E380813C6120687265663D22687474703A2F2F7777772E6C697578756538362E636F6D2F7A68656E6763652F22207461726765743D225F626C616E6B223EE694BFE7AD963C2F613EE38081E6B395E5BE8BE38081E6B395E8A784E5928CE4B88AE7BAA7E69C89E585B3E8A784E5AE9AE38081E68C87E7A4BAE38082E38080E38080322EE7BB84E7BB87E7BC96E588B6E585ACE58FB8E7949FE4BAA7E38081E68A80E69CAFE38081E8AEBEE5A487E38081E5AE89E585A8E38081E78EAFE4BF9DE38081E8B4A8E9878FE38081E8AEA1E9878FE7AD89E7AEA1E790863C6120687265663D22687474703A2F2F7777772E6C697578756538362E636F6D2F7A686964752F22207461726765743D225F626C616E6B223EE588B6E5BAA63C2F613EE380823C2F703E3C703EE38080E38080332EE7BB84E7BB87E7BC96E588B6E38081E4BFAEE8AEA2E585ACE58FB8E6938DE4BD9CE68A80E69CAFE38081E7BBB4E68AA4E6A380E4BFAEE38081E58886E69E90E6A380E9AA8CE7AD89E8A784E7A88BE380823C2F703E3C703EE38080E38080342EE8B49FE8B4A3E585ACE58FB8E5B9B4E38081E69C88E5BAA6E7949FE4BAA7E8AEA1E58892E79A84E7BC96E588B6E380823C2F703E3C703EE38080E38080352EE58D8FE8B083E58886E585ACE58FB8E7949FE4BAA7E7AEA1E79086EFBC8CE58D8FE8B083E8A7A3E586B3E7949FE4BAA7E4B8ADE587BAE78EB0E79A84E9878DE5A4A7E997AEE9A298E380823C2F703E3C703EE38080E38080362EE5AFB9E58886E585ACE58FB8E7949FE4BAA7E680A7E68C87E6A087E5AE8CE68890E68385E586B5E8BF9BE8A18CE88083E6A0B83BE5AFB9E79BB8E585B3E7949FE4BAA7E68A80E69CAFE68C87E6A087E8BF9BE8A18CE58886E69E90E4B88AE68AA5E380823C2F703E3C703EE38080E38080372EE5AFB9E58886E585ACE58FB8E8AEBEE5A487E38081E5AE89E585A8E38081E78EAFE4BF9DE38081E8B4A8E9878FE38081E8AEA1E9878FE7AEA1E79086E5B7A5E4BD9CE8BF9BE8A18CE68C87E5AFBCE38081E79B91E79DA33BE7BB84E7BB87E79BB8E585B3E6A380E69FA5E380823C2F703E3C703EE38080E38080382EE5AFB9E8B4A8E9878FE4BD93E7B3BBE8BF90E8A18CE68385E586B5E8BF9BE8A18CE79B91E79DA3E6A380E69FA5E380823C2F703E3C703EE38080E38080392EE4B88EE99480E594AEE58886E585ACE58FB8E58D8FE4BD9CE694B6E99B86E79BB8E585B3E4BAA7E59381E8B4A8E9878FE58F8DE9A688E4BFA1E681AFE380823C2F703E3C703EE38080E3808031302EE8B49FE8B4A3E5AFB9E58886E585ACE58FB8E4B88AE68AA5E79A84E8AEBEE5A487E5A4A7E4BFAEE68896E68A80E69CAFE694B9E980A0E9A1B9E79BAEE8BF9BE8A18CE5AEA1E69FA5EFBC8CE5B9B6E5AFB9E9A1B9E79BAEE79A84E5AE9EE696BDE68385E586B5E8BF9BE8A18CE79B91E79DA3E6A380E69FA5E380823C2F703E3C703EE38080E3808031312EE8B49FE8B4A3E585ACE58FB8E68A80E69CAFE7AEA1E79086E5B7A5E4BD9CEFBC8CE7BB84E7BB87E585ACE58FB8E58685E983A8E68A80E69CAFE4BAA4E6B581EFBC8CE7AEA1E79086E68A80E69CAFE6A1A3E6A188E380823C2F703E3C703EE38080E3808031322EE7BC96E588B6E585ACE58FB8E68A80E69CAFE58F91E5B195E79A84E4B8ADE38081E995BFE69C9FE8A784E58892E380823C2F703E3C703EE38080E3808031332EE8B49FE8B4A3E5AFB9E5A496E68A80E69CAFE4BAA4E6B581EFBC8CE694B6E99B86E69C89E585B3E696B0E4BAA7E59381E38081E696B0E68A80E69CAFE38081E696B0E5B7A5E889BAE38081E696B0E8AEBEE5A487E7AD89E68A80E69CAFE4BFA1E681AFE4BE9BE9A286E5AFBCE58F82E88083E586B3E7AD96E380823C2F703E3C703EE38080E3808031342EE4BCA0E98092E38081E58F8DE9A688E883BDE6BA90E4BE9BE5BA94E4BFA1E681AFE380823C2F703E3C703EE38080E3808031352EE689BFE58A9EE585ACE58FB8E9A286E5AFBCE4BAA4E58A9EE79A84E585B6E5AE83E5B7A5E4BD9CE380823C2F703E3C6832207374796C653D22746578742D616C69676E3A2063656E7465723B223EE38080E38080E7949FE4BAA7E68A80E69CAFE983A8E8818CE8B4A328E4BA8C293C2F68323E3C703EE38080E38080E4B880E38081E8B49FE8B4A3E585ACE58FB8E7949FE4BAA7E38081E68A80E69CAFE585A8E99DA2E7AEA1E79086E5B7A5E4BD9CEFBC8CE8B49FE8B4A3E68C87E5AFBCE588B6E585A8E58E82E79A84E697A5E5B8B8E68A80E69CAFE7949FE4BAA7E5B7A5E4BD9CE380823C2F703E3C703EE38080E38080E4BA8CE38081E8B49FE8B4A3E585ACE58FB8E79A84E7949FE4BAA7E8AEA1E58892E38081E4BAA7E59381E8AEBEE8AEA1E38081E5AEA1E5AE9AEFBC8CE5908CE697B6E5819AE5A5BDE4BAA7E59381E8B584E69699E79A84E694B6E99B86E38081E695B4E79086E38081E4BF9DE7AEA1E38081E7BB9FE8AEA1E7AD89E5B7A5E4BD9CEFBC8CE581A5E585A8E4BAA7E59381E4BFA1E681AFE7B3BBE7BB9FE380823C2F703E3C703EE38080E38080E4B889E38081E5AEA1E5AE9AE7949FE4BAA7E8AEBEE5A487E79A84E5A4A7E38081E4B8ADE4BFAEE38081E69BB4E696B0E9A1B9E79BAEEFBC8CE58F82E4B88EE588B6E5AE9AE696BDE5B7A5E68A80E69CAFE696B9E6A188EFBC8CE5B9B6E588B6E5AE9AE8AEBEE5A487E5A4A7E4B8ADE4BFA2E5BC80E5819CE8BB8AE696B9E6A1882CE6A380E69FA5E79DA3E4BF83E8AEBEE5A487E8AEA2E8B4ADE38081E5AE89E8A385E38081E8B083E8AF95E38081E6A380E4BFAEE38081E9AA8CE694B6E7AD89E5B7A5E4BD9CEFBC8CE58F82E4B88EE59BBAE5AE9AE8B584E4BAA7E68AA5E5BA9FE79A84E989B4E5AE9AE5B7A5E4BD9CE380823C2F703E3C703EE38080E38080E59B9BE38081E8B49FE8B4A3E4BAA7E59381E5B7A5E889BAE79A84E7AEA1E79086E5B7A5E4BD9CEFBC8CE588B6E8AEA2E79BB8E585B33C6120687265663D22687474703A2F2F7777772E6C697578756538362E636F6D2F77656E6D692F6775697A68616E677A686964752F22207461726765743D225F626C616E6B223EE8A784E7ABA0E588B6E5BAA63C2F613EEFBC8CE588B6E8AEA2E4BAA7E59381E5B7A5E889BAE5928CE68A80E69CAFE6938DE4BD9CE8A784E7A88BEFBC8CE58887E5AE9EE689A7E8A18CE59BBDE5AEB6E6A087E58786EFBC8CE6A380E69FA5E79DA3E4BF83E7949FE4BAA7E983A8E997A8E8B4AFE5BDBBE689A7E8A18CE38082E8B49FE8B4A3E4BAA7E59381E8B584E69699E79A84E694B6E99B86E38081E695B4E79086E5B7A5E4BD9CE380823C2F703E3C703EE38080E38080E4BA94E38081E8B49FE8B4A3E883BDE6BA90E38081E8AEA1E9878FE38081E5AE89E585A8E7949FE4BAA7E79A84E7AEA1E79086E5B7A5E4BD9CEFBC8CE588B6E8AEA2E79BB8E585B3E8A784E7ABA0E588B6E5BAA6EFBC8CE6A380E69FA5E79DA3E4BF83E69C89E585B3E983A8E997A8E689A7E8A18CE38082E4B8BBE68C81E8AEBEE5A487E4BA8BE69585E79A84E8B083E69FA5E38081E58886E69E90E38081E5A484E79086E5B7A5E4BD9CE38082E58F82E4B88EE5AE89E585A8E7949FE4BAA7E4B8ADE58F91E7949FE79A84E4BA8BE69585E79A84E8B083E69FA5E38081E58886E69E90E38081E5A484E79086E5B7A5E4BD9CE380823C2F703E3C703EE38080E38080E585ADE38081E8B49FE8B4A3E68EA8E5B9BFE98787E794A8E696B0E68A80E69CAFE38081E696B0E5B7A5E889BAE38081E696B0E69D90E69699E5B7A5E4BD9CEFBC8C3C6120687265663D22687474703A2F2F7777772E6C697578756538362E636F6D2F66616E77656E2F7A6F6E676A69652F22207461726765743D225F626C616E6B223EE680BBE7BB933C2F613EE5928CE989B4E5AE9AE69C89E585B3E696B0E68A80E69CAFE68890E69E9CE38082E7BB84E7BB87E5BC80E5B195E5AFB9E5A496E68A80E69CAFE4BAA4E6B581E5928CE69C89E585B3E4B893E4B89AE68385E68AA5E5B7A5E4BD9CE380823C2F703E3C703EE38080E38080E4B883E38081E4B8BAE59FBAE5BBBAE9A1B9E79BAEE68F90E4BE9BE69C89E585B3E68A80E69CAFE8B584E69699EFBC8CE58F82E4B88EE9878DE5A4A7E59FBAE5BBBAE9A1B9E79BAEE79A84E68A80E69CAFE8AEBAE8AF81E5928CE7ABA3E5B7A5E9AA8CE694B6E380823C2F703E3C703EE38080E38080E585ABE38081E58F82E4B88EE7BB84E7BB87E8818CE5B7A5E68A80E69CAFE59FB9E8AEADE5928CE5B297E4BD8DE68A80E883BDE88083E6A0B8E5B7A5E4BD9CE380823C2F703E3C703EE38080E38080E4B99DE38081E8B49FE8B4A3E585ACE58FB8E7949FE4BAA7E68AA5E8A1A8E5928CE59084E9A1B9E7BB9FE8AEA1E8B584E69699E79A84E7BB9FE8AEA1E5B7A5E4BD9CEFBC8CE58F8AE697B6E58786E7A1AEE4B88AE68AA5E69C89E585B3E68AA5E8A1A8E380823C2F703E3C703EE38080E38080E58D81E38081E5AE8CE68890E585ACE58FB8E9A286E5AFBCE4BAA4E58A9EE79A84E585B6E5AE83E5B7A5E4BD9CE4BBBBE58AA1E380823C2F703E3C703E3C62722F3E3C2F703E, '', '黄海涛', '2017-04-05 20:50:24', '1');
INSERT INTO `info` VALUES ('5f11bf005ca15066015ca16cc8a80002', 'gsjy', '董事会', '董事会的最新决议', 0x3C703EE794B1E4BA8EE585ACE58FB8E79A84E882A1E7A5A8E4B880E79BB4E6B6A8E5819CEFBC8CE99A8FE5908EE69C89E5A49AE9A1B9E7A68FE588A9E58F91E5B883EFBC8CE8AFB7E7BBA7E7BBADE585B3E6B3A8E380823C62722F3E3C2F703E, '待续。', '王硕', '2017-06-13 20:25:49', '1');
INSERT INTO `info` VALUES ('fc65913c5c8060a0015c806830850001', 'tzgg', '参政消息网站', '中方就赞比亚抓捕中国公民提出交涉', 0x3C703E3C696D67207372633D22687474703A2F2F6C6F63616C686F73743A383038302F496E666F726D6174696F6E5F52656C656173655F416E645F436F6D706C61696E745F53797374656D2F75706C6F61642F75656469746F722F696D6167652F32303137303631322F313439373238323731333430343030333735372E6A706722207469746C653D22313439373238323731333430343030333735372E6A70672220616C743D22E8B59EE6AF94E4BA9A2E6A7067222F3E3C2F703E3C70207374796C653D226D617267696E2D626F74746F6D3A203070783B2070616464696E673A203070782030707820313570783B206C696E652D6865696768743A20333070783B20746578742D696E64656E743A2032656D3B20666F6E742D66616D696C793A20E5AE8BE4BD932C2073616E732D73657269663B2077686974652D73706163653A206E6F726D616C3B206261636B67726F756E642D636F6C6F723A20726762283235352C203235352C20323535293B223E3C7374726F6E673EE5A4AEE8A786E7BD91E6B688E681AFEFBC9A3C2F7374726F6E673EE8B59EE6AF94E4BA9AE9939CE5B8A6E79C81E8ADA6E696B9E8BF91E697A5E4BBA5E68993E587BBE99D9EE6B395E79B97E98787E4B8BAE5908DE4B88DE58AA0E79484E588ABE59CB0E68A93E68D953331E5908DE4B8ADE59BBDE585ACE6B091E38082E4B8ADE59BBDE5A496E4BAA4E983A8E58F91E8A880E4BABAE58D8EE698A5E88EB9E59CA8E4BB8AE5A4A9EFBC8835E697A5EFBC89E79A84E4BE8BE8A18CE8AEB0E88085E4BC9AE4B88AE8A1A8E7A4BAEFBC8CE4B8ADE696B9E5B7B2E59091E8B59EE696B9E68F90E587BAE4BAA4E6B689EFBC8CE8A681E6B182E585B6E4BE9DE6B395E5A6A5E59684E5A484E79086E380823C2F703E3C70207374796C653D226D617267696E2D626F74746F6D3A203070783B2070616464696E673A203070782030707820313570783B206C696E652D6865696768743A20333070783B20746578742D696E64656E743A2032656D3B20666F6E742D66616D696C793A20E5AE8BE4BD932C2073616E732D73657269663B2077686974652D73706163653A206E6F726D616C3B206261636B67726F756E642D636F6C6F723A20726762283235352C203235352C20323535293B223EE58D8EE698A5E88EB9E8AFB4EFBC8CE4B8ADE59BBDE5A496E4BAA4E983A8E5B7B2E4BA8E34E697A5E59091E8B59EE6AF94E4BA9AE9A9BBE58D8EE4BDBFE9A686E68F90E587BAE4B8A5E6ADA3E4BAA4E6B689EFBC8CE695A6E4BF83E8B59EE696B9E5B0BDE5BFABE9878AE694BEE697A0E8BE9CE4BABAE59198E38082E4B8ADE59BBDE9A9BBE8B59EE4BDBFE9A686E4B99FE7ACACE4B880E697B6E997B4E5908CE8B59EE696B9E4B8BBE7AEA1E983A8E997A8E8BF9BE8A18CE4BAA4E6B689EFBC8CE5B9B6E5B7B2E6B4BEE5B7A5E4BD9CE7BB84E5898DE5BE80E4BA8BE58F91E59CB0E782B9EFBC8CE59091E8A2ABE689A3E68ABCE4BABAE59198E68F90E4BE9BE9A286E4BA8BE4BF9DE68AA4E380823C2F703E3C70207374796C653D226D617267696E2D626F74746F6D3A203070783B2070616464696E673A203070782030707820313570783B206C696E652D6865696768743A20333070783B20746578742D696E64656E743A2032656D3B20666F6E742D66616D696C793A20E5AE8BE4BD932C2073616E732D73657269663B2077686974652D73706163653A206E6F726D616C3B206261636B67726F756E642D636F6C6F723A20726762283235352C203235352C20323535293B223E3C7374726F6E673EE5A496E4BAA4E983A8E58F91E8A880E4BABA20E58D8EE698A5E88EB9EFBC9A3C2F7374726F6E673EE4B8ADE59BBDE694BFE5BA9CE4B880E8B4AFE8A681E6B182E6B5B7E5A496E4B8ADE8B584E4BC81E4B89AE5928CE4BABAE59198E981B5E5AE88E5BD93E59CB0E6B395E5BE8BE6B395E8A784EFBC8CE4B88DE8A292E68AA4E8BF9DE6B395E8A18CE4B8BAEFBC8CE4BD86E59D9AE586B3E58F8DE5AFB9E4BBBBE4BD95E99288E5AFB9E4B8ADE59BBDE6B5B7E5A496E585ACE6B091E79A84E98089E68BA9E680A7E689A7E6B395E8A18CE58AA8E38082E4B8ADE696B9E5B086E7BBA7E7BBADE5AF86E58887E585B3E6B3A8E6A188E4BBB6E8BF9BE5B195EFBC8CE695A6E4BF83E8B59EE696B9E5B0BDE5BFABE4BE9DE6B395E5A6A5E59684E5A484E79086E6ADA4E4BA8BE38082EFBC88E5A4AEE8A786E8AEB0E8808520E794B3E69DA8EFBC893C2F703E3C703E3C62722F3E3C2F703E, '', '王硕', '2017-02-01 10:34:13', '1');
INSERT INTO `info` VALUES ('fc65913c5c806caf015c8145b6b40003', 'tzgg', 'google', 'google', 0x3C703E3C696D67207372633D22687474703A2F2F6C6F63616C686F73743A383038302F496E666F726D6174696F6E5F52656C656173655F416E645F436F6D706C61696E745F53797374656D2F75706C6F61642F75656469746F722F696D6167652F32303137303631322F313439373238323739313433313038393536332E6A706722207469746C653D22313439373238323739313433313038393536332E6A70672220616C743D22E78FADE5BEBD2E6A706722207374796C653D2277696474683A2034383270783B206865696768743A2034343370783B222077696474683D2234383222206865696768743D22343433222F3E3C2F703E3C703E3C62722F3E3C2F703E3C703E3C7370616E207374796C653D22626F726465723A2031707820736F6C69642072676228302C20302C2030293B223E3C656D3E3C7370616E207374796C653D22626F726465723A2031707820736F6C69642072676228302C20302C2030293B20746578742D6465636F726174696F6E3A20756E6465726C696E653B223E3C7374726F6E673E676F6F676C653C2F7374726F6E673E3C2F7370616E3E3C2F656D3E3C2F7370616E3E3C2F703E, '', '王硕', '2017-06-07 14:35:12', '1');

-- ----------------------------
-- Table structure for role
-- ----------------------------
DROP TABLE IF EXISTS `role`;
CREATE TABLE `role` (
  `role_id` varchar(32) COLLATE utf8_bin NOT NULL,
  `name` varchar(20) COLLATE utf8_bin NOT NULL,
  `state` varchar(1) COLLATE utf8_bin DEFAULT NULL,
  PRIMARY KEY (`role_id`)
) ENGINE=InnoDB DEFAULT CHARSET=utf8 COLLATE=utf8_bin;

-- ----------------------------
-- Records of role
-- ----------------------------
INSERT INTO `role` VALUES ('402881e650b2ce410150b2ceb1ed0000', '管理员', '1');
INSERT INTO `role` VALUES ('402881e750b8979c0150b898b9b10000', '一般用户', '1');

-- ----------------------------
-- Table structure for role_privilege
-- ----------------------------
DROP TABLE IF EXISTS `role_privilege`;
CREATE TABLE `role_privilege` (
  `role_id` varchar(32) COLLATE utf8_bin NOT NULL,
  `code` varchar(20) COLLATE utf8_bin NOT NULL,
  PRIMARY KEY (`role_id`,`code`),
  KEY `FKBD6DF608B06C206C` (`role_id`),
  CONSTRAINT `FKBD6DF608B06C206C` FOREIGN KEY (`role_id`) REFERENCES `role` (`role_id`)
) ENGINE=InnoDB DEFAULT CHARSET=utf8 COLLATE=utf8_bin;

-- ----------------------------
-- Records of role_privilege
-- ----------------------------
INSERT INTO `role_privilege` VALUES ('402881e650b2ce410150b2ceb1ed0000', 'nbfw');

-- ----------------------------
-- Table structure for tmonth
-- ----------------------------
DROP TABLE IF EXISTS `tmonth`;
CREATE TABLE `tmonth` (
  `imonth` tinyint(4) NOT NULL,
  PRIMARY KEY (`imonth`)
) ENGINE=InnoDB DEFAULT CHARSET=utf8;

-- ----------------------------
-- Records of tmonth
-- ----------------------------
INSERT INTO `tmonth` VALUES ('1');
INSERT INTO `tmonth` VALUES ('2');
INSERT INTO `tmonth` VALUES ('3');
INSERT INTO `tmonth` VALUES ('4');
INSERT INTO `tmonth` VALUES ('5');
INSERT INTO `tmonth` VALUES ('6');
INSERT INTO `tmonth` VALUES ('7');
INSERT INTO `tmonth` VALUES ('8');
INSERT INTO `tmonth` VALUES ('9');
INSERT INTO `tmonth` VALUES ('10');
INSERT INTO `tmonth` VALUES ('11');
INSERT INTO `tmonth` VALUES ('12');

-- ----------------------------
-- Table structure for user
-- ----------------------------
DROP TABLE IF EXISTS `user`;
CREATE TABLE `user` (
  `id` varchar(32) COLLATE utf8_bin NOT NULL,
  `name` varchar(20) COLLATE utf8_bin NOT NULL,
  `dept` varchar(20) COLLATE utf8_bin NOT NULL,
  `account` varchar(50) COLLATE utf8_bin NOT NULL,
  `password` varchar(50) COLLATE utf8_bin NOT NULL,
  `headImg` varchar(100) COLLATE utf8_bin DEFAULT NULL,
  `gender` bit(1) DEFAULT NULL,
  `email` varchar(50) COLLATE utf8_bin DEFAULT NULL,
  `mobile` varchar(20) COLLATE utf8_bin DEFAULT NULL,
  `birthday` datetime DEFAULT NULL,
  `state` varchar(1) COLLATE utf8_bin DEFAULT NULL,
  `memo` varchar(200) COLLATE utf8_bin DEFAULT NULL,
  PRIMARY KEY (`id`)
) ENGINE=InnoDB DEFAULT CHARSET=utf8 COLLATE=utf8_bin;

-- ----------------------------
-- Records of user
-- ----------------------------
INSERT INTO `user` VALUES ('402881e5508d7bfa01508d8015430000', '王硕', '总经理办公室', 'wangshuo', '12345678', 'user/39b4a57a34f34857b1e813dcfc48111d.jpg', '', 'wangshuo@yahoo.com', '15788889999', '1996-03-13 00:00:00', '1', '');
INSERT INTO `user` VALUES ('402881e75088cd2f015088ce1c920000', '刘青松', '人力资源部', 'lqs', '12345678', 'user/cc6d0e88846e493abdfbc79f6c87af49.jpg', '', 'lqs@126.com', '13566666666', '1996-07-03 00:00:00', '1', '');
INSERT INTO `user` VALUES ('402881e75088cd2f015088cf0c6a0001', '伍洋波', '财务部', 'wyb', '12345678', 'user/ad611bcbd2404b8db1b0fbd2d787b086.jpg', '', 'wyb@yahoo.com', '13588888888', '1996-06-19 00:00:00', '1', '');
INSERT INTO `user` VALUES ('402881e750891c6a0150891d7ddd0000', '黄海涛', '生产技术部', 'hht', '12345678', 'user/ec72682218a34dd5b6a7f840ad0ef5b4.jpg', '', 'hht@sina.com', '13578888996', '1996-03-01 00:00:00', '1', '');
INSERT INTO `user` VALUES ('402881e750b8b6f80150b8b9bff80000', '李吉', '计划营销部', 'lj', '12345678', 'user/18bca35836e948edafebbe28f75c8318.jpg', '', 'lj@136.com', '15514777777', '1996-09-11 00:00:00', '1', '');
INSERT INTO `user` VALUES ('402881ea50940abe0150940b48d60000', '张红', '人力资源部', 'zh', '12345678', null, '\0', 'zh@yahoo.com', '13688989329', '1996-12-28 00:00:00', '1', '');
INSERT INTO `user` VALUES ('402881ea50940abe0150940b49050001', '李雅', '财务部', 'ly', '12345678', null, '\0', 'ly@126.com', '18143825345', '1995-06-21 00:00:00', '1', '');
INSERT INTO `user` VALUES ('40288e825b6f0571015b700f95250007', '王虹', '计划营销部', 'wh', '12345678', null, '\0', 'wh@itcast.com', '13888888888', '1996-08-30 00:00:00', '1', '');
INSERT INTO `user` VALUES ('5f11bf005ca15066015ca16f9bd60004', '张田', '人力资源部', 'zhangtian', '12345678', null, '\0', 'zhangt@163.com', '15738292144', '1991-08-22 00:00:00', '1', '');
INSERT INTO `user` VALUES ('fc65912b5c7e086b015c7e0e03420000', '张丽', '生产技术部', 'zhangli', '12345678', null, '\0', 'zhangli@163.com', '13883671829', '1995-06-16 00:00:00', '1', '');
INSERT INTO `user` VALUES ('fc65912b5c7e086b015c7e1f932c000a', '王林', '人力资源部', 'wanglin', '123456', null, '', 'wanglin@yahoo.com', '13812345678', '1999-10-10 00:00:00', '1', '');
INSERT INTO `user` VALUES ('fc65912b5c7e086b015c7e1f932d000b', '刘强', '财务部', 'liuqiang', '123456', null, '', 'liuqiang@126.com', '13888888810', '1999-10-18 00:00:00', '1', '');
INSERT INTO `user` VALUES ('fc65912b5c7e086b015c7e1f932d000c', '伍红', '生产技术部', 'wuhog', '123456', null, '\0', 'wuhong@yahoo.com', '13812345640', '1996-10-15 00:00:00', '1', '');
INSERT INTO `user` VALUES ('fc65912b5c7e086b015c7e1f932d000d', '黄天天', '生产技术部', 'htt', '123456', null, '', 'htt@sina.com', '13888888820', '1999-08-02 00:00:00', '1', '');
INSERT INTO `user` VALUES ('fc65912b5c7e086b015c7e1f932e000e', '李梅', '计划营销部', 'limei', '123456', null, '\0', 'limei@136.com', '13812345630', '1998-10-30 00:00:00', '1', '');
INSERT INTO `user` VALUES ('fc65912b5c7e086b015c7e1f932e000f', '张炯', '人力资源部', 'zhangjiong', '123456', null, '', 'zhangjiong@yahoo.com', '13888888840', '1999-03-11 00:00:00', '1', '');
INSERT INTO `user` VALUES ('fc65912b5c7e086b015c7e1f932e0010', '李思琪', '财务部', 'lsq', '123456', null, '\0', 'lsq@126.com', '13812345620', '1999-10-20 00:00:00', '1', '');
INSERT INTO `user` VALUES ('fc65912b5c7e086b015c7e1f932e0011', '王顾', '计划营销部', 'wanggu', '123456', null, '', 'wanggu@itcast.com', '13888888850', '1996-12-11 00:00:00', '1', '');
INSERT INTO `user` VALUES ('fc65912b5c7e086b015c7e1f932f0012', '张蓉', '生产技术部', 'zhangrong', '123456', null, '\0', 'zhangrong@163.com', '13812345610', '1999-11-11 00:00:00', '1', '');

-- ----------------------------
-- Table structure for user_role
-- ----------------------------
DROP TABLE IF EXISTS `user_role`;
CREATE TABLE `user_role` (
  `role_id` varchar(32) COLLATE utf8_bin NOT NULL,
  `user_id` varchar(32) COLLATE utf8_bin NOT NULL,
  PRIMARY KEY (`role_id`,`user_id`),
  KEY `FK143BF46AB06C206C` (`role_id`),
  CONSTRAINT `FK143BF46AB06C206C` FOREIGN KEY (`role_id`) REFERENCES `role` (`role_id`)
) ENGINE=InnoDB DEFAULT CHARSET=utf8 COLLATE=utf8_bin;

-- ----------------------------
-- Records of user_role
-- ----------------------------
INSERT INTO `user_role` VALUES ('402881e650b2ce410150b2ceb1ed0000', '402881e5508d7bfa01508d8015430000');
INSERT INTO `user_role` VALUES ('402881e650b2ce410150b2ceb1ed0000', '402881e75088cd2f015088ce1c920000');
INSERT INTO `user_role` VALUES ('402881e650b2ce410150b2ceb1ed0000', '402881e75088cd2f015088cf0c6a0001');
INSERT INTO `user_role` VALUES ('402881e650b2ce410150b2ceb1ed0000', '402881e750891c6a0150891d7ddd0000');
INSERT INTO `user_role` VALUES ('402881e650b2ce410150b2ceb1ed0000', '402881e750b8b6f80150b8b9bff80000');
INSERT INTO `user_role` VALUES ('402881e750b8979c0150b898b9b10000', '402881e5508d7bfa01508d8015430000');
INSERT INTO `user_role` VALUES ('402881e750b8979c0150b898b9b10000', '402881e75088cd2f015088cf0c6a0001');
INSERT INTO `user_role` VALUES ('402881e750b8979c0150b898b9b10000', '402881e750891c6a0150891d7ddd0000');
INSERT INTO `user_role` VALUES ('402881e750b8979c0150b898b9b10000', '402881e750b8b6f80150b8b9bff80000');
INSERT INTO `user_role` VALUES ('402881e750b8979c0150b898b9b10000', '402881ea50940abe0150940b48d60000');
INSERT INTO `user_role` VALUES ('402881e750b8979c0150b898b9b10000', '402881ea50940abe0150940b49050001');
INSERT INTO `user_role` VALUES ('402881e750b8979c0150b898b9b10000', '5f11bf005ca15066015ca16f9bd60004');
INSERT INTO `user_role` VALUES ('402881e750b8979c0150b898b9b10000', 'fc65912b5c7e086b015c7e0e03420000');
INSERT INTO `user_role` VALUES ('402881e750b8979c0150b898b9b10000', 'fc65912b5c7e086b015c7e1f932c000a');
INSERT INTO `user_role` VALUES ('402881e750b8979c0150b898b9b10000', 'fc65912b5c7e086b015c7e1f932d000b');
INSERT INTO `user_role` VALUES ('402881e750b8979c0150b898b9b10000', 'fc65912b5c7e086b015c7e1f932d000c');
INSERT INTO `user_role` VALUES ('402881e750b8979c0150b898b9b10000', 'fc65912b5c7e086b015c7e1f932d000d');
INSERT INTO `user_role` VALUES ('402881e750b8979c0150b898b9b10000', 'fc65912b5c7e086b015c7e1f932e000e');
INSERT INTO `user_role` VALUES ('402881e750b8979c0150b898b9b10000', 'fc65912b5c7e086b015c7e1f932e000f');
INSERT INTO `user_role` VALUES ('402881e750b8979c0150b898b9b10000', 'fc65912b5c7e086b015c7e1f932e0010');
